﻿<?xml version="1.0" encoding="utf-8" ?>
<Defs>
  
	<ThingDef ParentName="BaseRamboGun">
		<defName>Gun_Colt_Python_RWP</defName>
		<label>Colt Python</label>
		<description>.</description>
		<graphicData>
			<texPath>Things/modern/pistols/colt_python</texPath>
			<graphicClass>Graphic_Single</graphicClass>
		</graphicData>
		<soundInteract>Interact_Revolver</soundInteract>
		<statBases>
			<WorkToMake>24200</WorkToMake>
			<MarketValue>206</MarketValue>
			<Mass>2.0</Mass>
			<AccuracyTouch>0.92</AccuracyTouch>
			<AccuracyShort>0.83</AccuracyShort>
			<AccuracyMedium>0.60</AccuracyMedium>
			<AccuracyLong>0.45</AccuracyLong>
			<RangedWeapon_Cooldown>1.61</RangedWeapon_Cooldown>
		</statBases>
		<equippedStatOffsets>
			<SocialImpact>0.05</SocialImpact>
		</equippedStatOffsets>
		<costList>
			<Steel>38</Steel>
			<ComponentIndustrial>3</ComponentIndustrial>
		</costList>
		<recipeMaker>
			<skillRequirements>
				<Crafting>3</Crafting>
			</skillRequirements>
		</recipeMaker>
		<generateCommonality>0.20</generateCommonality>
		<verbs>
			<li>
				<verbClass>Verb_Shoot</verbClass>
				<hasStandardCommand>true</hasStandardCommand>
				<defaultProjectile>Bullet_357_Magnum_RWP</defaultProjectile>
				<warmupTime>0.28</warmupTime>
				<range>18</range>
				<soundCast>Shot_Revolver</soundCast>
				<soundCastTail>GunTail_Light</soundCastTail>
				<muzzleFlashScale>9</muzzleFlashScale>
			</li>
		</verbs>
		<weaponTags>
			<li>SimpleGun</li>
			<li>Revolver</li>
		</weaponTags>
		<tools>
			<li>
				<label>grip</label>
				<capacities>
					<li>Blunt</li>
				</capacities>
				<power>8</power>
				<cooldownTime>1.6</cooldownTime>
			</li>
			<li>
				<label>barrel</label>
				<capacities>
					<li>Blunt</li>
					<li>Poke</li>
				</capacities>
				<power>8</power>
				<cooldownTime>1.6</cooldownTime>
			</li>
		</tools>
	</ThingDef>  
	

</Defs>