﻿<?xml version="1.0" encoding="utf-8" ?>
<Defs>
  
	<ThingDef ParentName="BaseRamboGun">
		<defName>Gun_Desert_Eagle_44_RWP</defName>
		<label>Desert Eagle .44</label>
		<description>.</description>
		<graphicData>
			<texPath>Things/modern/pistols/desert_eagle</texPath>
			<graphicClass>Graphic_Single</graphicClass>
		</graphicData>
		<soundInteract>InteractHeavyPistol</soundInteract>
		<statBases>
		<WorkToMake>30500</WorkToMake>
			<MarketValue>267</MarketValue>
			<Mass>2.0</Mass>
			<AccuracyTouch>0.91</AccuracyTouch>
			<AccuracyShort>0.77</AccuracyShort>
			<AccuracyMedium>0.57</AccuracyMedium>
			<AccuracyLong>0.40</AccuracyLong>
			<RangedWeapon_Cooldown>1.65</RangedWeapon_Cooldown>
		</statBases>
		<equippedStatOffsets>
			<SocialImpact>0.10</SocialImpact>
		</equippedStatOffsets>
		<costList>
			<Steel>46</Steel>
			<ComponentIndustrial>3</ComponentIndustrial>
		</costList>
		<recipeMaker>
			<researchPrerequisite>GasOperation</researchPrerequisite>
			<skillRequirements>
				<Crafting>5</Crafting>
			</skillRequirements>
		</recipeMaker>
		<generateCommonality>0.15</generateCommonality>
		<verbs>
			<li>
				<verbClass>Verb_Shoot</verbClass>
				<hasStandardCommand>true</hasStandardCommand>
				<defaultProjectile>Bullet_44_Magnum_RWP</defaultProjectile>
				<warmupTime>0.32</warmupTime>
				<range>18</range>
				<soundCast>ShotHeavyPistol</soundCast>
				<soundCastTail>GunTail_Medium</soundCastTail>
				<muzzleFlashScale>10</muzzleFlashScale>
			</li>
		</verbs>
		<weaponTags>
			<li>SimpleGun</li>
		</weaponTags>
		<tools>
			<li>
				<label>grip</label>
				<capacities>
					<li>Blunt</li>
				</capacities>
				<power>8</power>
				<cooldownTime>1.6</cooldownTime>
			</li>
			<li>
				<label>barrel</label>
				<capacities>
					<li>Blunt</li>
					<li>Poke</li>
				</capacities>
				<power>8</power>
				<cooldownTime>1.6</cooldownTime>
			</li>
		</tools>
	</ThingDef>  
	

</Defs>