﻿<?xml version="1.0" encoding="utf-8" ?>
<Defs>
  
	<ThingDef ParentName="BaseRamboGun">
		<defName>Gun_FP-45_Liberator_RWP</defName>
		<label>FP-45 Liberator</label>
		<description>.</description>
		<graphicData>
			<texPath>Things/modern/pistols/fp-45_liberator</texPath>
			<graphicClass>Graphic_Single</graphicClass>
		</graphicData>
		<soundInteract>Interact_Autopistol</soundInteract>
		<statBases>
			<WorkToMake>4000</WorkToMake>
			<MarketValue>15</MarketValue>
			<Mass>0.5</Mass>
			<AccuracyTouch>0.87</AccuracyTouch>
			<AccuracyShort>0.49</AccuracyShort>
			<AccuracyMedium>0.12</AccuracyMedium>
			<AccuracyLong>0.01</AccuracyLong>
			<RangedWeapon_Cooldown>2.48</RangedWeapon_Cooldown>
		</statBases>
		<costList>
			<Steel>18</Steel>
		</costList>
		<verbs>
			<li>
				<verbClass>Verb_Shoot</verbClass>
				<hasStandardCommand>true</hasStandardCommand>
				<defaultProjectile>Bullet_45_ACP_RWP</defaultProjectile>
				<warmupTime>0.30</warmupTime>
				<range>12</range>
				<soundCast>Shot_Autopistol</soundCast>
				<soundCastTail>GunTail_Light</soundCastTail>
				<muzzleFlashScale>9</muzzleFlashScale>
			</li>
		</verbs>
		<weaponTags>
			<li>SimpleGun</li>
		</weaponTags>
		<tools>
			<li>
				<label>grip</label>
				<capacities>
					<li>Blunt</li>
				</capacities>
				<power>8</power>
				<cooldownTime>1.6</cooldownTime>
			</li>
			<li>
				<label>barrel</label>
				<capacities>
					<li>Blunt</li>
					<li>Poke</li>
				</capacities>
				<power>8</power>
				<cooldownTime>1.6</cooldownTime>
			</li>
		</tools>
	</ThingDef>
	

</Defs>