﻿<?xml version="1.0" encoding="utf-8" ?>
<Defs>
  
	<ThingDef ParentName="BaseRamboGun">
		<defName>Gun_Glock_17L_RWP</defName>
		<label>Glock 17L</label>
		<description>.</description>
		<graphicData>
			<texPath>Things/modern/pistols/glock_17l</texPath>
			<graphicClass>Graphic_Single</graphicClass>
		</graphicData>
		<soundInteract>Interact_Autopistol</soundInteract>
		<statBases>
			<WorkToMake>16700</WorkToMake>
			<MarketValue>113</MarketValue>
			<Mass>0.9</Mass>
			<AccuracyTouch>0.91</AccuracyTouch>
			<AccuracyShort>0.83</AccuracyShort>
			<AccuracyMedium>0.61</AccuracyMedium>
			<AccuracyLong>0.44</AccuracyLong>
			<RangedWeapon_Cooldown>1.15</RangedWeapon_Cooldown>
		</statBases>
		<costList>
			<Steel>33</Steel>
			<ComponentIndustrial>2</ComponentIndustrial>
		</costList>
		<recipeMaker>
			<researchPrerequisite>BlowbackOperation</researchPrerequisite>
			<skillRequirements>
				<Crafting>4</Crafting>
			</skillRequirements>
		</recipeMaker>
		<generateCommonality>0.6</generateCommonality>	
		<verbs>
			<li>
				<verbClass>Verb_Shoot</verbClass>
				<hasStandardCommand>true</hasStandardCommand>
				<defaultProjectile>Bullet_9x19mm_Parabellum_RWP</defaultProjectile>
				<warmupTime>0.33</warmupTime>
				<range>19</range>
				<soundCast>Shot_Autopistol</soundCast>
				<soundCastTail>GunTail_Light</soundCastTail>
				<muzzleFlashScale>7</muzzleFlashScale>
			</li>
		</verbs>
		<weaponTags>
			<li>SimpleGun</li>
		</weaponTags>
		<tools>
			<li>
				<label>grip</label>
				<capacities>
					<li>Blunt</li>
				</capacities>
				<power>8</power>
				<cooldownTime>1.6</cooldownTime>
			</li>
			<li>
				<label>barrel</label>
				<capacities>
					<li>Blunt</li>
					<li>Poke</li>
				</capacities>
				<power>8</power>
				<cooldownTime>1.6</cooldownTime>
			</li>
		</tools>
	</ThingDef>  
	

</Defs>