﻿<?xml version="1.0" encoding="utf-8" ?>
<Defs>
  
	<ThingDef ParentName="BaseRamboGun">
		<defName>Gun_Medusa_M-47_RWP</defName>
		<label>Medusa M-47</label>
		<description>.</description>
		<graphicData>
			<texPath>Things/modern/pistols/medusa_m-47</texPath>
			<graphicClass>Graphic_Single</graphicClass>
		</graphicData>
		<soundInteract>Interact_Revolver</soundInteract>
		<statBases>
			<WorkToMake>26700</WorkToMake>
			<MarketValue>252</MarketValue>
			<Mass>1.1</Mass>
			<AccuracyTouch>0.93</AccuracyTouch>
			<AccuracyShort>0.82</AccuracyShort>
			<AccuracyMedium>0.55</AccuracyMedium>
			<AccuracyLong>0.35</AccuracyLong>
			<RangedWeapon_Cooldown>1.55</RangedWeapon_Cooldown>
		</statBases>
		<equippedStatOffsets>
			<SocialImpact>0.05</SocialImpact>
		</equippedStatOffsets>
		<costList>
			<Steel>35</Steel>
			<ComponentIndustrial>4</ComponentIndustrial>
		</costList>
		<recipeMaker>
			<skillRequirements>
				<Crafting>6</Crafting>
			</skillRequirements>
		</recipeMaker>
		<generateCommonality>0.20</generateCommonality>
		<verbs>
			<li>
				<verbClass>Verb_Shoot</verbClass>
				<hasStandardCommand>true</hasStandardCommand>
				<defaultProjectile>Bullet_357_Magnum_RWP</defaultProjectile>
				<warmupTime>0.25</warmupTime>
				<range>18</range>
				<soundCast>Shot_Revolver</soundCast>
				<soundCastTail>GunTail_Light</soundCastTail>
				<muzzleFlashScale>9</muzzleFlashScale>
			</li>
		</verbs>
		<weaponTags>
			<li>SimpleGun</li>
			<li>Revolver</li>
		</weaponTags>
		<tools>
			<li>
				<label>grip</label>
				<capacities>
					<li>Blunt</li>
				</capacities>
				<power>8</power>
				<cooldownTime>1.6</cooldownTime>
			</li>
			<li>
				<label>barrel</label>
				<capacities>
					<li>Blunt</li>
					<li>Poke</li>
				</capacities>
				<power>8</power>
				<cooldownTime>1.6</cooldownTime>
			</li>
		</tools>
	</ThingDef>  
	

</Defs>