﻿<?xml version="1.0" encoding="utf-8" ?>
<Defs>
  
	<ThingDef ParentName="BaseRamboGun">
		<defName>Gun_Raging_Judge_RWP</defName>
		<label>Raging Judge</label>
		<description>.</description>
		<graphicData>
			<texPath>Things/modern/pistols/raging_judge</texPath>
			<graphicClass>Graphic_Single</graphicClass>
		</graphicData>
		<soundInteract>Interact_Revolver</soundInteract>
		<statBases>
			<WorkToMake>36300</WorkToMake>
			<MarketValue>335</MarketValue>
			<Mass>1.8</Mass>
			<AccuracyTouch>0.90</AccuracyTouch>
			<AccuracyShort>0.77</AccuracyShort>
			<AccuracyMedium>0.71</AccuracyMedium>
			<AccuracyLong>0.63</AccuracyLong>
			<RangedWeapon_Cooldown>1.80</RangedWeapon_Cooldown>
		</statBases>
		<equippedStatOffsets>
			<SocialImpact>0.15</SocialImpact>
		</equippedStatOffsets>
		<costList>
			<Steel>54</Steel>
			<ComponentIndustrial>3</ComponentIndustrial>
		</costList>
		<recipeMaker>
			<skillRequirements>
				<Crafting>4</Crafting>
			</skillRequirements>
		</recipeMaker>
		<generateCommonality>0.08</generateCommonality>	
		<verbs>
			<li>
				<verbClass>Verb_Shoot</verbClass>
				<hasStandardCommand>true</hasStandardCommand>
				<defaultProjectile>Bullet_454_Casull_RWP</defaultProjectile>
				<warmupTime>0.48</warmupTime>
				<range>19</range>
				<soundCast>Shot_Revolver</soundCast>
				<soundCastTail>GunTail_Heavy</soundCastTail>
				<muzzleFlashScale>12</muzzleFlashScale>
			</li>
		</verbs>
		<weaponTags>
			<li>SimpleGun</li>
			<li>Revolver</li>
		</weaponTags>
		<tools>
			<li>
				<label>grip</label>
				<capacities>
					<li>Blunt</li>
				</capacities>
				<power>8</power>
				<cooldownTime>1.6</cooldownTime>
			</li>
			<li>
				<label>barrel</label>
				<capacities>
					<li>Blunt</li>
					<li>Poke</li>
				</capacities>
				<power>8</power>
				<cooldownTime>1.6</cooldownTime>
			</li>
		</tools>
	</ThingDef>  
	

</Defs>