﻿<?xml version="1.0" encoding="utf-8" ?>
<Defs>
  
	<ThingDef ParentName="BaseRamboGun">
		<defName>Gun_TT-33_RWP</defName>
		<label>TT-33</label>
		<description>.</description>
		<graphicData>
			<texPath>Things/modern/pistols/tt-33</texPath>
			<graphicClass>Graphic_Single</graphicClass>
		</graphicData>
		<soundInteract>Interact_Autopistol</soundInteract>
		<statBases>
			<WorkToMake>11000</WorkToMake>
			<MarketValue>81</MarketValue>
			<Mass>0.9</Mass>
			<AccuracyTouch>0.92</AccuracyTouch>
			<AccuracyShort>0.74</AccuracyShort>
			<AccuracyMedium>0.54</AccuracyMedium>
			<AccuracyLong>0.35</AccuracyLong>
			<RangedWeapon_Cooldown>1.05</RangedWeapon_Cooldown>
		</statBases>
		<costList>
			<Steel>25</Steel>
			<ComponentIndustrial>2</ComponentIndustrial>
		</costList>
		<recipeMaker>
			<researchPrerequisite>BlowbackOperation</researchPrerequisite>
			<skillRequirements>
				<Crafting>4</Crafting>
			</skillRequirements>
		</recipeMaker>
		<verbs>
			<li>
				<verbClass>Verb_Shoot</verbClass>
				<hasStandardCommand>true</hasStandardCommand>
				<defaultProjectile>Bullet_762x25mm_Tokarev_RWP</defaultProjectile>
				<warmupTime>0.25</warmupTime>
				<range>18</range>
				<soundCast>Shot_Autopistol</soundCast>
				<soundCastTail>GunTail_Light</soundCastTail>
				<muzzleFlashScale>6</muzzleFlashScale>
			</li>
		</verbs>
		<weaponTags>
			<li>SimpleGun</li>
		</weaponTags>
		<tools>
			<li>
				<label>grip</label>
				<capacities>
					<li>Blunt</li>
				</capacities>
				<power>8</power>
				<cooldownTime>1.6</cooldownTime>
			</li>
			<li>
				<label>barrel</label>
				<capacities>
					<li>Blunt</li>
					<li>Poke</li>
				</capacities>
				<power>8</power>
				<cooldownTime>1.6</cooldownTime>
			</li>
		</tools>
	</ThingDef>
	

</Defs>