﻿<?xml version="1.0" encoding="utf-8" ?>
<Defs>
  
	<ThingDef ParentName="BaseRamboGun">
		<defName>Gun_PP_RWP</defName>
		<label>Walther PP</label>
		<description>.</description>
		<graphicData>
			<texPath>Things/modern/pistols/pp</texPath>
			<graphicClass>Graphic_Single</graphicClass>
		</graphicData>
		<soundInteract>Interact_Autopistol</soundInteract>
		<statBases>
			<WorkToMake>12800</WorkToMake>
			<MarketValue>94</MarketValue>
			<Mass>0.7</Mass>
			<AccuracyTouch>0.91</AccuracyTouch>
			<AccuracyShort>0.74</AccuracyShort>
			<AccuracyMedium>0.46</AccuracyMedium>
			<AccuracyLong>0.27</AccuracyLong>
			<RangedWeapon_Cooldown>1.10</RangedWeapon_Cooldown>
		</statBases>
		<costList>
			<Steel>26</Steel>
			<ComponentIndustrial>2</ComponentIndustrial>
		</costList>
		<recipeMaker>
			<researchPrerequisite>BlowbackOperation</researchPrerequisite>
			<skillRequirements>
				<Crafting>4</Crafting>
			</skillRequirements>
		</recipeMaker>
		<verbs>
			<li>
				<verbClass>Verb_Shoot</verbClass>
				<hasStandardCommand>true</hasStandardCommand>
				<defaultProjectile>Bullet_380_ACP_RWP</defaultProjectile>
				<warmupTime>0.28</warmupTime>
				<range>15</range>
				<soundCast>Shot_Autopistol</soundCast>
				<soundCastTail>GunTail_Light</soundCastTail>
				<muzzleFlashScale>7</muzzleFlashScale>
			</li>
		</verbs>
		<weaponTags>
			<li>SimpleGun</li>
		</weaponTags>
		<tools>
			<li>
				<label>grip</label>
				<capacities>
					<li>Blunt</li>
				</capacities>
				<power>8</power>
				<cooldownTime>1.6</cooldownTime>
			</li>
			<li>
				<label>barrel</label>
				<capacities>
					<li>Blunt</li>
					<li>Poke</li>
				</capacities>
				<power>8</power>
				<cooldownTime>1.6</cooldownTime>
			</li>
		</tools>
	</ThingDef>  
	

</Defs>