﻿<?xml version="1.0" encoding="utf-8" ?>
<Defs>
  
	<ThingDef ParentName="BaseRamboGun">
		<defName>Gun_SniperRifle</defName>
		<label>M24A3</label>
		<description>Ancient pattern military sniper rifle. Bolt action. Long range, great accuracy and power.</description>
		<graphicData>
			<texPath>Things/Item/Equipment/WeaponRanged/SniperRifle</texPath>
			<graphicClass>Graphic_Single</graphicClass>
		</graphicData>
		<soundInteract>Interact_Rifle</soundInteract>
		<statBases>
			<WorkToMake>89000</WorkToMake>
			<MarketValue>670</MarketValue>
			<Mass>5.6</Mass>
			<AccuracyTouch>0.50</AccuracyTouch>
			<AccuracyShort>0.86</AccuracyShort>
			<AccuracyMedium>0.86</AccuracyMedium>
			<AccuracyLong>0.88</AccuracyLong>
			<RangedWeapon_Cooldown>2.33</RangedWeapon_Cooldown>
		</statBases>
		<costList>
			<Steel>172</Steel>
			<ComponentIndustrial>11</ComponentIndustrial>
		</costList>
		<recipeMaker>
			<researchPrerequisite>PrecisionRifling</researchPrerequisite>
			<skillRequirements>
				<Crafting>7</Crafting>
			</skillRequirements>
		</recipeMaker>
		<verbs>
			<li>
				<verbClass>Verb_Shoot</verbClass>
				<hasStandardCommand>true</hasStandardCommand>
				<defaultProjectile>Bullet_338_Lapua_Magnum_RWP</defaultProjectile>
				<warmupTime>4.0</warmupTime>
				<range>45</range>
				<soundCast>Shot_SniperRifle</soundCast>
				<soundCastTail>GunTail_Heavy</soundCastTail>
				<muzzleFlashScale>14</muzzleFlashScale>
			</li>
		</verbs>
		<weaponTags>
			<li>SniperRifle</li>
		</weaponTags>
		<tools>
			<li>
				<label>stock</label>
				<capacities>
					<li>Blunt</li>
				</capacities>
				<power>9</power>
				<cooldownTime>1.8</cooldownTime>
			</li>
			<li>
				<label>barrel</label>
				<capacities>
					<li>Blunt</li>
					<li>Poke</li>
				</capacities>
				<power>10</power>
				<cooldownTime>1.9</cooldownTime>
			</li>
		</tools>
	</ThingDef>

</Defs>