﻿<?xml version="1.0" encoding="utf-8" ?>
<Defs>
  
	<ThingDef ParentName="BaseRamboGun">
		<defName>Gun_Orsis_T-5000_338_RWP</defName>
		<label>Orsis T-5000 .338</label>
		<description>.</description>
		<graphicData>
			<texPath>Things/modern/sniperrifles/orsis_t-5000_338</texPath>
			<graphicClass>Graphic_Single</graphicClass>
		</graphicData>
		<soundInteract>Interact_Rifle</soundInteract>
		<statBases>
			<WorkToMake>99500</WorkToMake>
			<MarketValue>777</MarketValue>
			<Mass>5.3</Mass>
			<AccuracyTouch>0.36</AccuracyTouch>
			<AccuracyShort>0.53</AccuracyShort>
			<AccuracyMedium>0.88</AccuracyMedium>
			<AccuracyLong>0.94</AccuracyLong>
			<RangedWeapon_Cooldown>2.59</RangedWeapon_Cooldown>
		</statBases>
		<costList>
			<Steel>195</Steel>
			<ComponentIndustrial>12</ComponentIndustrial>
		</costList>
		<recipeMaker>
			<researchPrerequisite>PrecisionRifling</researchPrerequisite>
			<skillRequirements>
				<Crafting>7</Crafting>
			</skillRequirements>
		</recipeMaker>
		<generateCommonality>0.30</generateCommonality>
		<verbs>
			<li>
				<verbClass>Verb_Shoot</verbClass>
				<hasStandardCommand>true</hasStandardCommand>
				<defaultProjectile>Bullet_338_Lapua_Magnum_RWP</defaultProjectile>
				<warmupTime>4.45</warmupTime>
				<range>50</range>
				<soundCast>Shot_SniperRifle</soundCast>
				<soundCastTail>GunTail_Heavy</soundCastTail>
				<muzzleFlashScale>14</muzzleFlashScale>
			</li>
		</verbs>
		<weaponTags>
			<li>SniperRifle</li>
		</weaponTags>
		<tools>
			<li>
				<label>stock</label>
				<capacities>
					<li>Blunt</li>
				</capacities>
				<power>9</power>
				<cooldownTime>1.8</cooldownTime>
			</li>
			<li>
				<label>barrel</label>
				<capacities>
					<li>Blunt</li>
					<li>Poke</li>
				</capacities>
				<power>10</power>
				<cooldownTime>1.9</cooldownTime>
			</li>
		</tools>
	</ThingDef>

</Defs>