﻿<?xml version="1.0" encoding="utf-8" ?>
<Defs>
  
	<ThingDef ParentName="BaseRamboGun">
		<defName>Gun_PSG1_RWP</defName>
		<label>PSG1</label>
		<description>.</description>
		<graphicData>
			<texPath>Things/modern/sniperrifles/psg1</texPath>
			<graphicClass>Graphic_Single</graphicClass>
		</graphicData>
		<soundInteract>Interact_Rifle</soundInteract>
		<statBases>
			<WorkToMake>100500</WorkToMake>
			<MarketValue>753</MarketValue>
			<Mass>7.2</Mass>
			<AccuracyTouch>0.48</AccuracyTouch>
			<AccuracyShort>0.84</AccuracyShort>
			<AccuracyMedium>0.84</AccuracyMedium>
			<AccuracyLong>0.86</AccuracyLong>
			<RangedWeapon_Cooldown>1.08</RangedWeapon_Cooldown>
		</statBases>
		<costList>
			<Steel>194</Steel>
			<ComponentIndustrial>14</ComponentIndustrial>
		</costList>
		<recipeMaker>
			<researchPrerequisite>PrecisionRifling</researchPrerequisite>
			<skillRequirements>
				<Crafting>7</Crafting>
			</skillRequirements>
		</recipeMaker>
		<generateCommonality>0.15</generateCommonality>
		<verbs>
			<li>
				<verbClass>Verb_Shoot</verbClass>
				<hasStandardCommand>true</hasStandardCommand>
				<defaultProjectile>Bullet_762x51mm_NATO_RWP</defaultProjectile>
				<warmupTime>1.35</warmupTime>
				<range>45</range>
				<soundCast>ShotSemiAutoRifle</soundCast>
				<soundCastTail>GunTail_Heavy</soundCastTail>
				<muzzleFlashScale>12</muzzleFlashScale>
			</li>
		</verbs>
		<weaponTags>
			<li>SniperRifle</li>
		</weaponTags>
		<tools>
			<li>
				<label>stock</label>
				<capacities>
					<li>Blunt</li>
				</capacities>
				<power>9</power>
				<cooldownTime>1.8</cooldownTime>
			</li>
			<li>
				<label>barrel</label>
				<capacities>
					<li>Blunt</li>
					<li>Poke</li>
				</capacities>
				<power>10</power>
				<cooldownTime>1.9</cooldownTime>
			</li>
		</tools>
	</ThingDef>	

</Defs>