﻿<?xml version="1.0" encoding="utf-8" ?>
<Defs>
  
	<ThingDef ParentName="BaseRamboGun">
		<defName>Gun_SV-98_RWP</defName>
		<label>SV-98</label>
		<description>.</description>
		<graphicData>
			<texPath>Things/modern/sniperrifles/sv-98</texPath>
			<graphicClass>Graphic_Single</graphicClass>
		</graphicData>
		<soundInteract>Interact_Rifle</soundInteract>
		<statBases>
			<WorkToMake>81500</WorkToMake>
			<MarketValue>557</MarketValue>
			<Mass>4.7</Mass>
			<AccuracyTouch>0.57</AccuracyTouch>
			<AccuracyShort>0.87</AccuracyShort>
			<AccuracyMedium>0.92</AccuracyMedium>
			<AccuracyLong>0.90</AccuracyLong>
			<RangedWeapon_Cooldown>1.78</RangedWeapon_Cooldown>
		</statBases>
		<costList>
			<Steel>177</Steel>
			<ComponentIndustrial>10</ComponentIndustrial>
		</costList>
		<recipeMaker>
			<researchPrerequisite>PrecisionRifling</researchPrerequisite>
			<skillRequirements>
				<Crafting>7</Crafting>
			</skillRequirements>
		</recipeMaker>
		<verbs>
			<li>
				<verbClass>Verb_Shoot</verbClass>
				<hasStandardCommand>true</hasStandardCommand>
				<defaultProjectile>Bullet_762x54mmR_RWP</defaultProjectile>
				<warmupTime>2.15</warmupTime>
				<range>44</range>
				<soundCast>Shot_BoltActionRifle</soundCast>
				<soundCastTail>GunTail_Heavy</soundCastTail>
				<muzzleFlashScale>12</muzzleFlashScale>
			</li>
		</verbs>
		<weaponTags>
			<li>SniperRifle</li>
		</weaponTags>
		<tools>
			<li>
				<label>stock</label>
				<capacities>
					<li>Blunt</li>
				</capacities>
				<power>9</power>
				<cooldownTime>1.8</cooldownTime>
			</li>
			<li>
				<label>barrel</label>
				<capacities>
					<li>Blunt</li>
					<li>Poke</li>
				</capacities>
				<power>10</power>
				<cooldownTime>1.9</cooldownTime>
			</li>
		</tools>
	</ThingDef>

</Defs>