﻿<?xml version="1.0" encoding="utf-8" ?>
<Defs>
  
	<ThingDef ParentName="BaseRamboGun">
		<defName>Gun_SVD_RWP</defName>
		<label>SVD</label>
		<description>.</description>
		<graphicData>
			<texPath>Things/modern/sniperrifles/svd</texPath>
			<graphicClass>Graphic_Single</graphicClass>
		</graphicData>
		<soundInteract>Interact_Rifle</soundInteract>
		<statBases>
			<WorkToMake>75000</WorkToMake>
			<MarketValue>521</MarketValue>
			<Mass>4.3</Mass>
			<AccuracyTouch>0.50</AccuracyTouch>
			<AccuracyShort>0.85</AccuracyShort>
			<AccuracyMedium>0.70</AccuracyMedium>
			<AccuracyLong>0.57</AccuracyLong>
			<RangedWeapon_Cooldown>1.19</RangedWeapon_Cooldown>
		</statBases>
		<costList>
			<Steel>163</Steel>
			<ComponentIndustrial>11</ComponentIndustrial>
		</costList>
		<recipeMaker>
			<researchPrerequisite>PrecisionRifling</researchPrerequisite>
			<skillRequirements>
				<Crafting>7</Crafting>
			</skillRequirements>
		</recipeMaker>
		<verbs>
			<li>
				<verbClass>Verb_Shoot</verbClass>
				<hasStandardCommand>true</hasStandardCommand>
				<defaultProjectile>Bullet_762x54mmR_RWP</defaultProjectile>
				<warmupTime>1.45</warmupTime>
				<range>41</range>
				<soundCast>ShotSemiAutoRifle</soundCast>
				<soundCastTail>GunTail_Heavy</soundCastTail>
				<muzzleFlashScale>12</muzzleFlashScale>
			</li>
		</verbs>
		<weaponTags>
			<li>SniperRifle</li>
		</weaponTags>
		<tools>
			<li>
				<label>stock</label>
				<capacities>
					<li>Blunt</li>
				</capacities>
				<power>9</power>
				<cooldownTime>1.8</cooldownTime>
			</li>
			<li>
				<label>barrel</label>
				<capacities>
					<li>Blunt</li>
					<li>Poke</li>
				</capacities>
				<power>10</power>
				<cooldownTime>1.9</cooldownTime>
			</li>
		</tools>
	</ThingDef>	

</Defs>