﻿<?xml version="1.0" encoding="utf-8" ?>
<Defs>
  
	<ThingDef ParentName="BaseRamboGun">
		<defName>Gun_DPM_RWP</defName>
		<label>DPM</label>
		<description>.</description>
		<graphicData>
			<texPath>Things/modern/machineguns/dpm</texPath>
			<graphicClass>Graphic_Single</graphicClass>
		</graphicData>
		<soundInteract>Interact_Rifle</soundInteract>
		<statBases>
			<WorkToMake>76000</WorkToMake>
			<MarketValue>575</MarketValue>
			<Mass>9.1</Mass>
			<AccuracyTouch>0.13</AccuracyTouch>
			<AccuracyShort>0.46</AccuracyShort>
			<AccuracyMedium>0.42</AccuracyMedium>
			<AccuracyLong>0.28</AccuracyLong>
			<RangedWeapon_Cooldown>2.46</RangedWeapon_Cooldown>
		</statBases>
		<costList>
			<Steel>178</Steel>
			<ComponentIndustrial>12</ComponentIndustrial>
		</costList>
		<recipeMaker>
			<researchPrerequisite>GasOperation</researchPrerequisite>
			<skillRequirements>
				<Crafting>6</Crafting>
			</skillRequirements>
		</recipeMaker>
		<equippedStatOffsets>
			<MoveSpeed>-0.51</MoveSpeed>
		</equippedStatOffsets>
		<verbs>
			<li>
				<verbClass>Verb_Shoot</verbClass>
				<hasStandardCommand>true</hasStandardCommand>
				<defaultProjectile>Bullet_762x54mmR_RWP</defaultProjectile>
				<warmupTime>1.52</warmupTime>
				<range>35</range>
				<burstShotCount>6</burstShotCount>
				<ticksBetweenBurstShots>7</ticksBetweenBurstShots>
				<soundCast>Shot_Minigun</soundCast>
				<soundCastTail>GunTail_Heavy</soundCastTail>
				<muzzleFlashScale>12</muzzleFlashScale>
			</li>
		</verbs>
		<weaponTags>
			<li>IndustrialGunAdvanced</li>
		</weaponTags>
		<tools>
			<li>
				<label>stock</label>
				<capacities>
					<li>Blunt</li>
				</capacities>
				<power>9</power>
				<cooldownTime>1.8</cooldownTime>
			</li>
			<li>
				<label>barrel</label>
				<capacities>
					<li>Blunt</li>
					<li>Poke</li>
				</capacities>
				<power>10</power>
				<cooldownTime>1.9</cooldownTime>
			</li>
		</tools>
	</ThingDef>

</Defs>