﻿<?xml version="1.0" encoding="utf-8" ?>
<Defs>
  
	<ThingDef ParentName="BaseRamboGun">
		<defName>Gun_HK21_RWP</defName>
		<label>HK21</label>
		<description>.</description>
		<graphicData>
			<texPath>Things/modern/machineguns/hk21</texPath>
			<graphicClass>Graphic_Single</graphicClass>
		</graphicData>
		<soundInteract>Interact_Rifle</soundInteract>
		<statBases>
			<WorkToMake>82200</WorkToMake>
			<MarketValue>688</MarketValue>
			<Mass>7.9</Mass>
			<AccuracyTouch>0.11</AccuracyTouch>
			<AccuracyShort>0.44</AccuracyShort>
			<AccuracyMedium>0.34</AccuracyMedium>
			<AccuracyLong>0.19</AccuracyLong>
			<RangedWeapon_Cooldown>2.18</RangedWeapon_Cooldown>
		</statBases>
		<costList>
			<Steel>181</Steel>
			<ComponentIndustrial>12</ComponentIndustrial>
		</costList>
		<recipeMaker>
			<researchPrerequisite>GasOperation</researchPrerequisite>
			<skillRequirements>
				<Crafting>7</Crafting>
			</skillRequirements>
		</recipeMaker>
		<equippedStatOffsets>
			<MoveSpeed>-0.39</MoveSpeed>
		</equippedStatOffsets>
		<verbs>
			<li>
				<verbClass>Verb_Shoot</verbClass>
				<hasStandardCommand>true</hasStandardCommand>
				<defaultProjectile>Bullet_762x51mm_NATO_RWP</defaultProjectile>
				<warmupTime>1.40</warmupTime>
				<range>38</range>
				<burstShotCount>6</burstShotCount>
				<ticksBetweenBurstShots>6</ticksBetweenBurstShots>
				<soundCast>Shot_Minigun</soundCast>
				<soundCastTail>GunTail_Heavy</soundCastTail>
				<muzzleFlashScale>12</muzzleFlashScale>
			</li>
		</verbs>
		<weaponTags>
			<li>IndustrialGunAdvanced</li>
		</weaponTags>
		<tools>
			<li>
				<label>stock</label>
				<capacities>
					<li>Blunt</li>
				</capacities>
				<power>9</power>
				<cooldownTime>1.8</cooldownTime>
			</li>
			<li>
				<label>barrel</label>
				<capacities>
					<li>Blunt</li>
					<li>Poke</li>
				</capacities>
				<power>10</power>
				<cooldownTime>1.9</cooldownTime>
			</li>
		</tools>
	</ThingDef>

</Defs>