﻿<?xml version="1.0" encoding="utf-8" ?>
<Defs>
  
	<ThingDef ParentName="BaseRamboGun">
		<defName>Gun_M1918_BAR_RWP</defName>
		<label>M1918 BAR</label>
		<description>.</description>
		<graphicData>
			<texPath>Things/modern/machineguns/m1918_bar</texPath>
			<graphicClass>Graphic_Single</graphicClass>
		</graphicData>
		<soundInteract>Interact_Rifle</soundInteract>
		<statBases>
			<WorkToMake>69000</WorkToMake>
			<MarketValue>553</MarketValue>
			<Mass>11.0</Mass>
			<AccuracyTouch>0.15</AccuracyTouch>
			<AccuracyShort>0.50</AccuracyShort>
			<AccuracyMedium>0.32</AccuracyMedium>
			<AccuracyLong>0.06</AccuracyLong>
			<RangedWeapon_Cooldown>1.38</RangedWeapon_Cooldown>
		</statBases>
		<costList>
			<Steel>160</Steel>
			<ComponentIndustrial>9</ComponentIndustrial>
		</costList>
		<recipeMaker>
			<researchPrerequisite>GasOperation</researchPrerequisite>
			<skillRequirements>
				<Crafting>6</Crafting>
			</skillRequirements>
		</recipeMaker>
		<equippedStatOffsets>
			<MoveSpeed>-0.70</MoveSpeed>
		</equippedStatOffsets>
		<verbs>
			<li>
				<verbClass>Verb_Shoot</verbClass>
				<hasStandardCommand>true</hasStandardCommand>
				<defaultProjectile>Bullet_30-06_Springfield_RWP</defaultProjectile>
				<warmupTime>1.33</warmupTime>
				<range>34</range>
				<burstShotCount>4</burstShotCount>
				<ticksBetweenBurstShots>6</ticksBetweenBurstShots>
				<soundCast>Shot_Minigun</soundCast>
				<soundCastTail>GunTail_Heavy</soundCastTail>
				<muzzleFlashScale>12</muzzleFlashScale>
			</li>
		</verbs>
		<weaponTags>
			<li>IndustrialGunAdvanced</li>
		</weaponTags>
		<tools>
			<li>
				<label>stock</label>
				<capacities>
					<li>Blunt</li>
				</capacities>
				<power>9</power>
				<cooldownTime>1.8</cooldownTime>
			</li>
			<li>
				<label>barrel</label>
				<capacities>
					<li>Blunt</li>
					<li>Poke</li>
				</capacities>
				<power>10</power>
				<cooldownTime>1.9</cooldownTime>
			</li>
		</tools>
	</ThingDef>

</Defs>