﻿<?xml version="1.0" encoding="utf-8" ?>
<Defs>
  
	<ThingDef ParentName="BaseRamboGun">
		<defName>Gun_MG34_RWP</defName>
		<label>MG34</label>
		<description>.</description>
		<graphicData>
			<texPath>Things/modern/machineguns/mg34</texPath>
			<graphicClass>Graphic_Single</graphicClass>
		</graphicData>
		<soundInteract>Interact_Rifle</soundInteract>
		<statBases>
			<WorkToMake>80000</WorkToMake>
			<MarketValue>628</MarketValue>
			<Mass>12.1</Mass>
			<AccuracyTouch>0.08</AccuracyTouch>
			<AccuracyShort>0.42</AccuracyShort>
			<AccuracyMedium>0.31</AccuracyMedium>
			<AccuracyLong>0.16</AccuracyLong>
			<RangedWeapon_Cooldown>2.75</RangedWeapon_Cooldown>
		</statBases>
		<costList>
			<Steel>180</Steel>
			<ComponentIndustrial>12</ComponentIndustrial>
		</costList>
		<recipeMaker>
			<researchPrerequisite>GasOperation</researchPrerequisite>
			<skillRequirements>
				<Crafting>7</Crafting>
			</skillRequirements>
		</recipeMaker>
		<equippedStatOffsets>
			<MoveSpeed>-0.81</MoveSpeed>
		</equippedStatOffsets>
		<verbs>
			<li>
				<verbClass>Verb_Shoot</verbClass>
				<hasStandardCommand>true</hasStandardCommand>
				<defaultProjectile>Bullet_792x57mm_Mauser_RWP</defaultProjectile>
				<warmupTime>1.89</warmupTime>
				<range>35</range>
				<burstShotCount>8</burstShotCount>
				<ticksBetweenBurstShots>4</ticksBetweenBurstShots>
				<soundCast>Shot_Minigun</soundCast>
				<soundCastTail>GunTail_Heavy</soundCastTail>
				<muzzleFlashScale>12</muzzleFlashScale>
			</li>
		</verbs>
		<weaponTags>
			<li>IndustrialGunAdvanced</li>
		</weaponTags>
		<tools>
			<li>
				<label>stock</label>
				<capacities>
					<li>Blunt</li>
				</capacities>
				<power>9</power>
				<cooldownTime>1.8</cooldownTime>
			</li>
			<li>
				<label>barrel</label>
				<capacities>
					<li>Blunt</li>
					<li>Poke</li>
				</capacities>
				<power>10</power>
				<cooldownTime>1.9</cooldownTime>
			</li>
		</tools>
	</ThingDef>

</Defs>