﻿<?xml version="1.0" encoding="utf-8" ?>
<Defs>
  
	<ThingDef ParentName="BaseRamboGun">
		<defName>Gun_RPKS-74_RWP</defName>
		<label>RPKS-74</label>
		<description>.</description>
		<graphicData>
			<texPath>Things/modern/machineguns/rpks-74</texPath>
			<graphicClass>Graphic_Single</graphicClass>
		</graphicData>
		<soundInteract>Interact_Rifle</soundInteract>
		<statBases>
			<WorkToMake>69800</WorkToMake>
			<MarketValue>585</MarketValue>
			<Mass>4.7</Mass>
			<AccuracyTouch>0.52</AccuracyTouch>
			<AccuracyShort>0.76</AccuracyShort>
			<AccuracyMedium>0.69</AccuracyMedium>
			<AccuracyLong>0.51</AccuracyLong>
			<RangedWeapon_Cooldown>1.35</RangedWeapon_Cooldown>
		</statBases>
		<costList>
			<Steel>168</Steel>
			<ComponentIndustrial>10</ComponentIndustrial>
		</costList>
		<recipeMaker>
			<researchPrerequisite>GasOperation</researchPrerequisite>
			<skillRequirements>
				<Crafting>5</Crafting>
			</skillRequirements>
		</recipeMaker>
		<equippedStatOffsets>
			<MoveSpeed>-0.09</MoveSpeed>
		</equippedStatOffsets>
		<verbs>
			<li>
				<verbClass>Verb_Shoot</verbClass>
				<hasStandardCommand>true</hasStandardCommand>
				<defaultProjectile>Bullet_545x39mm_RWP</defaultProjectile>
				<warmupTime>1.26</warmupTime>
				<range>38</range>
				<burstShotCount>5</burstShotCount>
				<ticksBetweenBurstShots>6</ticksBetweenBurstShots>
				<soundCast>Shot545x39</soundCast>
				<soundCastTail>GunTail_Medium</soundCastTail>
				<muzzleFlashScale>12</muzzleFlashScale>
			</li>
		</verbs>
		<weaponTags>
			<li>IndustrialGunAdvanced</li>
		</weaponTags>
		<tools>
			<li>
				<label>stock</label>
				<capacities>
					<li>Blunt</li>
				</capacities>
				<power>9</power>
				<cooldownTime>1.8</cooldownTime>
			</li>
			<li>
				<label>barrel</label>
				<capacities>
					<li>Blunt</li>
					<li>Poke</li>
				</capacities>
				<power>10</power>
				<cooldownTime>1.9</cooldownTime>
			</li>
		</tools>
	</ThingDef>
	

</Defs>