﻿<?xml version="1.0" encoding="utf-8" ?>
<Defs>
  
	<ThingDef ParentName="BaseRamboGun">
		<defName>Gun_AK-101_RWP</defName>
		<label>AK-101</label>
		<description>.</description>
		<graphicData>
			<texPath>Things/modern/assaultrifles/ak-101</texPath>
			<graphicClass>Graphic_Single</graphicClass>
		</graphicData>
		<soundInteract>Interact_Rifle</soundInteract>
		<statBases>
			<MaxHitPoints>150</MaxHitPoints>
			<WorkToMake>39000</WorkToMake>
			<MarketValue>380</MarketValue>
			<Mass>3.6</Mass>
			<AccuracyTouch>0.70</AccuracyTouch>
			<AccuracyShort>0.87</AccuracyShort>
			<AccuracyMedium>0.77</AccuracyMedium>
			<AccuracyLong>0.65</AccuracyLong>
			<RangedWeapon_Cooldown>1.27</RangedWeapon_Cooldown>
		</statBases>
		<costList>
			<Steel>84</Steel>
			<ComponentIndustrial>5</ComponentIndustrial>
		</costList>
		<recipeMaker>
			<researchPrerequisite>PrecisionRifling</researchPrerequisite>
			<skillRequirements>
				<Crafting>6</Crafting>
			</skillRequirements>
		</recipeMaker>
		<verbs>
			<li>
				<verbClass>Verb_Shoot</verbClass>
				<hasStandardCommand>true</hasStandardCommand>
				<defaultProjectile>Bullet_556x45mm_NATO_RWP</defaultProjectile>
				<warmupTime>0.91</warmupTime>
				<range>31</range>
				<burstShotCount>3</burstShotCount>
				<ticksBetweenBurstShots>6</ticksBetweenBurstShots>
				<soundCast>Shot_AssaultRifle</soundCast>
				<soundCastTail>GunTail_Medium</soundCastTail>
				<muzzleFlashScale>11</muzzleFlashScale>
			</li>
		</verbs>
		<weaponTags>
			<li>IndustrialGunAdvanced</li>
		</weaponTags>
		<tools>
			<li>
				<label>stock</label>
				<capacities>
					<li>Blunt</li>
				</capacities>
				<power>9</power>
				<cooldownTime>1.8</cooldownTime>
			</li>
			<li>
				<label>barrel</label>
				<capacities>
					<li>Blunt</li>
					<li>Poke</li>
				</capacities>
				<power>10</power>
				<cooldownTime>1.9</cooldownTime>
			</li>
		</tools>
	</ThingDef>  

</Defs>