﻿<?xml version="1.0" encoding="utf-8" ?>
<Defs>
  
	<ThingDef ParentName="BaseRamboGun">
		<defName>Gun_AKMS_RWP</defName>
		<label>AKMS</label>
		<description>.</description>
		<graphicData>
			<texPath>Things/modern/assaultrifles/akms</texPath>
			<graphicClass>Graphic_Single</graphicClass>
		</graphicData>
		<soundInteract>Interact_Rifle</soundInteract>
		<statBases>
			<MaxHitPoints>130</MaxHitPoints>
			<WorkToMake>36500</WorkToMake>
			<MarketValue>347</MarketValue>
			<Mass>3.3</Mass>
			<AccuracyTouch>0.68</AccuracyTouch>
			<AccuracyShort>0.82</AccuracyShort>
			<AccuracyMedium>0.54</AccuracyMedium>
			<AccuracyLong>0.22</AccuracyLong>
			<RangedWeapon_Cooldown>1.61</RangedWeapon_Cooldown>
		</statBases>
		<costList>
			<Steel>88</Steel>
			<ComponentIndustrial>5</ComponentIndustrial>
		</costList>
		<recipeMaker>
			<researchPrerequisite>PrecisionRifling</researchPrerequisite>
			<skillRequirements>
				<Crafting>5</Crafting>
			</skillRequirements>
		</recipeMaker>
		<verbs>
			<li>
				<verbClass>Verb_Shoot</verbClass>
				<hasStandardCommand>true</hasStandardCommand>
				<defaultProjectile>Bullet_762x39mm_RWP</defaultProjectile>
				<warmupTime>0.86</warmupTime>
				<range>28</range>
				<burstShotCount>3</burstShotCount>
				<ticksBetweenBurstShots>6</ticksBetweenBurstShots>
				<soundCast>Shot762x39</soundCast>
				<soundCastTail>GunTail_Medium</soundCastTail>
				<muzzleFlashScale>11</muzzleFlashScale>
			</li>
		</verbs>
		<weaponTags>
			<li>IndustrialGunAdvanced</li>
		</weaponTags>
		<tools>
			<li>
				<label>grip</label>
				<capacities>
					<li>Blunt</li>
				</capacities>
				<power>9</power>
				<cooldownTime>1.8</cooldownTime>
			</li>
			<li>
				<label>barrel</label>
				<capacities>
					<li>Blunt</li>
					<li>Poke</li>
				</capacities>
				<power>10</power>
				<cooldownTime>1.9</cooldownTime>
			</li>
		</tools>
	</ThingDef>  

</Defs>