﻿<?xml version="1.0" encoding="utf-8" ?>
<Defs>
  
	<ThingDef ParentName="BaseRamboGun">
		<defName>Gun_G36K_RWP</defName>
		<label>G36K</label>
		<description>.</description>
		<graphicData>
			<texPath>Things/modern/assaultrifles/g36k</texPath>
			<graphicClass>Graphic_Single</graphicClass>
		</graphicData>
		<soundInteract>Interact_Rifle</soundInteract>
		<statBases>
			<WorkToMake>52500</WorkToMake>
			<MarketValue>483</MarketValue>
			<Mass>3.3</Mass>
			<AccuracyTouch>0.70</AccuracyTouch>
			<AccuracyShort>0.88</AccuracyShort>
			<AccuracyMedium>0.84</AccuracyMedium>
			<AccuracyLong>0.72</AccuracyLong>
			<RangedWeapon_Cooldown>1.21</RangedWeapon_Cooldown>
		</statBases>
		<costList>
			<Steel>82</Steel>
			<ComponentIndustrial>8</ComponentIndustrial>
		</costList>
		<recipeMaker>
			<researchPrerequisite>PrecisionRifling</researchPrerequisite>
			<skillRequirements>
				<Crafting>7</Crafting>
			</skillRequirements>
		</recipeMaker>
		<verbs>
			<li>
				<verbClass>Verb_Shoot</verbClass>
				<hasStandardCommand>true</hasStandardCommand>
				<defaultProjectile>Bullet_556x45mm_NATO_RWP</defaultProjectile>
				<warmupTime>1.04</warmupTime>
				<range>35</range>
				<burstShotCount>3</burstShotCount>
				<ticksBetweenBurstShots>5</ticksBetweenBurstShots>
				<soundCast>Shot_AssaultRifle</soundCast>
				<muzzleFlashScale>9</muzzleFlashScale>
			</li>
		</verbs>
		<weaponTags>
			<li>IndustrialGunAdvanced</li>
		</weaponTags>
		<tools>
			<li>
				<label>stock</label>
				<capacities>
					<li>Blunt</li>
				</capacities>
				<power>9</power>
				<cooldownTime>1.8</cooldownTime>
			</li>
			<li>
				<label>barrel</label>
				<capacities>
					<li>Blunt</li>
					<li>Poke</li>
				</capacities>
				<power>10</power>
				<cooldownTime>1.9</cooldownTime>
			</li>
		</tools>
	</ThingDef> 

</Defs>