﻿<?xml version="1.0" encoding="utf-8" ?>
<Defs>
  
	<ThingDef ParentName="BaseRamboGun">
		<defName>Gun_LR-300-ML_RWP</defName>
		<label>LR-300-ML</label>
		<description>.</description>
		<graphicData>
			<texPath>Things/modern/assaultrifles/lr-300-ml</texPath>
			<graphicClass>Graphic_Single</graphicClass>
		</graphicData>
		<soundInteract>Interact_Rifle</soundInteract>
		<statBases>
			<WorkToMake>46500</WorkToMake>
			<MarketValue>435</MarketValue>
			<Mass>2.5</Mass>
			<AccuracyTouch>0.75</AccuracyTouch>
			<AccuracyShort>0.84</AccuracyShort>
			<AccuracyMedium>0.71</AccuracyMedium>
			<AccuracyLong>0.57</AccuracyLong>
			<RangedWeapon_Cooldown>1.33</RangedWeapon_Cooldown>
		</statBases>
		<costList>
			<Steel>72</Steel>
			<ComponentIndustrial>7</ComponentIndustrial>
		</costList>
		<recipeMaker>
			<researchPrerequisite>PrecisionRifling</researchPrerequisite>
			<skillRequirements>
				<Crafting>6</Crafting>
			</skillRequirements>
		</recipeMaker>
		<verbs>
			<li>
				<verbClass>Verb_Shoot</verbClass>
				<hasStandardCommand>true</hasStandardCommand>
				<defaultProjectile>Bullet_556x45mm_NATO_RWP</defaultProjectile>
				<warmupTime>0.72</warmupTime>
				<range>30</range>
				<burstShotCount>3</burstShotCount>
				<ticksBetweenBurstShots>4</ticksBetweenBurstShots>
				<soundCast>Shot_AssaultRifle</soundCast>
				<muzzleFlashScale>9</muzzleFlashScale>
			</li>
		</verbs>
		<weaponTags>
			<li>IndustrialGunAdvanced</li>
		</weaponTags>
		<tools>
			<li>
				<label>stock</label>
				<capacities>
					<li>Blunt</li>
				</capacities>
				<power>9</power>
				<cooldownTime>1.8</cooldownTime>
			</li>
			<li>
				<label>barrel</label>
				<capacities>
					<li>Blunt</li>
					<li>Poke</li>
				</capacities>
				<power>10</power>
				<cooldownTime>1.9</cooldownTime>
			</li>
		</tools>
	</ThingDef> 

</Defs>