﻿<?xml version="1.0" encoding="utf-8" ?>
<Defs>
  
	<ThingDef ParentName="BaseRamboGun">
		<defName>Gun_MKb42_H_RWP</defName>
		<label>MKb.42(H)</label>
		<description>.</description>
		<graphicData>
			<texPath>Things/modern/assaultrifles/mkb42_h</texPath>
			<graphicClass>Graphic_Single</graphicClass>
		</graphicData>
		<soundInteract>Interact_Rifle</soundInteract>
		<statBases>
			<MarketValue>286</MarketValue>
			<WorkToMake>34500</WorkToMake>
			<Mass>4.9</Mass>
			<AccuracyTouch>0.66</AccuracyTouch>
			<AccuracyShort>0.76</AccuracyShort>
			<AccuracyMedium>0.39</AccuracyMedium>
			<AccuracyLong>0.12</AccuracyLong>
			<RangedWeapon_Cooldown>1.38</RangedWeapon_Cooldown>
		</statBases>
		<costList>
			<Steel>70</Steel>
			<ComponentIndustrial>6</ComponentIndustrial>
		</costList>
		<recipeMaker>
			<researchPrerequisite>PrecisionRifling</researchPrerequisite>
			<skillRequirements>
				<Crafting>5</Crafting>
			</skillRequirements>
		</recipeMaker>
		<verbs>
			<li>
				<verbClass>Verb_Shoot</verbClass>
				<hasStandardCommand>true</hasStandardCommand>
				<defaultProjectile>Bullet_792x33mm_Kurz_RWP</defaultProjectile>
				<warmupTime>1.05</warmupTime>
				<range>27</range>
				<burstShotCount>3</burstShotCount>
				<ticksBetweenBurstShots>7</ticksBetweenBurstShots>
				<soundCast>Shot792x33</soundCast>
				<soundCastTail>GunTail_Medium</soundCastTail>
				<muzzleFlashScale>11</muzzleFlashScale>
			</li>
		</verbs>
		<tools>
			<li>
				<label>stock</label>
				<capacities>
					<li>Blunt</li>
				</capacities>
				<power>9</power>
				<cooldownTime>1.8</cooldownTime>
			</li>
			<li>
				<label>barrel</label>
				<capacities>
					<li>Blunt</li>
					<li>Poke</li>
				</capacities>
				<power>10</power>
				<cooldownTime>1.9</cooldownTime>
			</li>
		</tools>
	</ThingDef>

</Defs>