﻿<?xml version="1.0" encoding="utf-8" ?>
<Defs>
  
	<ThingDef ParentName="BaseRamboGun">
		<defName>Gun_SA_vz58V_RWP</defName>
		<label>SA vz. 58 V</label>
		<description>.</description>
		<graphicData>
			<texPath>Things/modern/assaultrifles/sa_vz58v</texPath>
			<graphicClass>Graphic_Single</graphicClass>
		</graphicData>
		<soundInteract>Interact_Rifle</soundInteract>
		<statBases>
			<MaxHitPoints>150</MaxHitPoints>
			<WorkToMake>38800</WorkToMake>
			<MarketValue>360</MarketValue>
			<Mass>2.9</Mass>
			<AccuracyTouch>0.68</AccuracyTouch>
			<AccuracyShort>0.83</AccuracyShort>
			<AccuracyMedium>0.56</AccuracyMedium>
			<AccuracyLong>0.25</AccuracyLong>
			<RangedWeapon_Cooldown>1.63</RangedWeapon_Cooldown>
		</statBases>
		<costList>
			<Steel>92</Steel>
			<ComponentIndustrial>6</ComponentIndustrial>
		</costList>
		<recipeMaker>
			<researchPrerequisite>PrecisionRifling</researchPrerequisite>
			<skillRequirements>
				<Crafting>6</Crafting>
			</skillRequirements>
		</recipeMaker>
		<verbs>
			<li>
				<verbClass>Verb_Shoot</verbClass>
				<hasStandardCommand>true</hasStandardCommand>
				<defaultProjectile>Bullet_762x39mm_RWP</defaultProjectile>
				<warmupTime>0.85</warmupTime>
				<range>29</range>
				<burstShotCount>3</burstShotCount>
				<ticksBetweenBurstShots>5</ticksBetweenBurstShots>
				<soundCast>Shot762x39</soundCast>
				<soundCastTail>GunTail_Medium</soundCastTail>
				<muzzleFlashScale>11</muzzleFlashScale>
			</li>
		</verbs>
		<weaponTags>
			<li>IndustrialGunAdvanced</li>
		</weaponTags>
		<tools>
			<li>
				<label>grip</label>
				<capacities>
					<li>Blunt</li>
				</capacities>
				<power>9</power>
				<cooldownTime>1.8</cooldownTime>
			</li>
			<li>
				<label>barrel</label>
				<capacities>
					<li>Blunt</li>
					<li>Poke</li>
				</capacities>
				<power>10</power>
				<cooldownTime>1.9</cooldownTime>
			</li>
		</tools>
	</ThingDef>  

</Defs>