﻿<?xml version="1.0" encoding="utf-8" ?>
<Defs>
  
	<ThingDef ParentName="BaseRamboGun">
		<defName>Gun_SCAR-L_LB_RWP</defName>
		<label>SCAR-L LB</label>
		<description>.</description>
		<graphicData>
			<texPath>Things/modern/assaultrifles/scar-l_lb</texPath>
			<graphicClass>Graphic_Single</graphicClass>
		</graphicData>
		<soundInteract>Interact_Rifle</soundInteract>
		<statBases>
			<MarketValue>489</MarketValue>
			<WorkToMake>55000</WorkToMake>
			<Mass>3.5</Mass>
			<AccuracyTouch>0.69</AccuracyTouch>
			<AccuracyShort>0.91</AccuracyShort>
			<AccuracyMedium>0.88</AccuracyMedium>
			<AccuracyLong>0.79</AccuracyLong>
			<RangedWeapon_Cooldown>1.22</RangedWeapon_Cooldown>
		</statBases>
		<costList>
			<Steel>105</Steel>
			<ComponentIndustrial>7</ComponentIndustrial>
		</costList>
		<recipeMaker>
			<researchPrerequisite>PrecisionRifling</researchPrerequisite>
			<skillRequirements>
				<Crafting>6</Crafting>
			</skillRequirements>
		</recipeMaker>
		<verbs>
			<li>
				<verbClass>Verb_Shoot</verbClass>
				<hasStandardCommand>true</hasStandardCommand>
				<defaultProjectile>Bullet_556x45mm_NATO_RWP</defaultProjectile>
				<warmupTime>0.93</warmupTime>
				<range>34</range>
				<burstShotCount>3</burstShotCount>
				<ticksBetweenBurstShots>6</ticksBetweenBurstShots>
				<soundCast>Shot_AssaultRifle</soundCast>
				<soundCastTail>GunTail_Medium</soundCastTail>
				<muzzleFlashScale>9</muzzleFlashScale>
			</li>
		</verbs>
		<weaponTags>
			<li>IndustrialGunAdvanced</li>
		</weaponTags>
		<tools>
			<li>
				<label>stock</label>
				<capacities>
					<li>Blunt</li>
				</capacities>
				<power>9</power>
				<cooldownTime>1.8</cooldownTime>
			</li>
			<li>
				<label>barrel</label>
				<capacities>
					<li>Blunt</li>
					<li>Poke</li>
				</capacities>
				<power>10</power>
				<cooldownTime>1.9</cooldownTime>
			</li>
		</tools>
	</ThingDef>

</Defs>