﻿<?xml version="1.0" encoding="utf-8" ?>
<Defs>
  
	<ThingDef ParentName="BaseRamboGun">
		<defName>Gun_BoltActionRifle</defName>
		<label>Lee Enfield No.4</label>
		<description>Ancient pattern bolt-action rifle. Good range, good power, low rate of fire.</description>
		<graphicData>
			<texPath>Things/Item/Equipment/WeaponRanged/BoltActionRifle</texPath>
			<graphicClass>Graphic_Single</graphicClass>
		</graphicData>
		<soundInteract>Interact_Rifle</soundInteract>
		<statBases>
			<MaxHitPoints>150</MaxHitPoints>
			<WorkToMake>25000</WorkToMake>
			<MarketValue>250</MarketValue>
			<Mass>4.1</Mass>
			<AccuracyTouch>0.75</AccuracyTouch>
			<AccuracyShort>0.96</AccuracyShort>
			<AccuracyMedium>0.96</AccuracyMedium>
			<AccuracyLong>0.90</AccuracyLong>
			<RangedWeapon_Cooldown>1.22</RangedWeapon_Cooldown>
		</statBases>
		<costList>
			<Steel>60</Steel>
			<ComponentIndustrial>3</ComponentIndustrial>
		</costList>
		<recipeMaker>
			<skillRequirements>
				<Crafting>5</Crafting>
			</skillRequirements>
		</recipeMaker>
		<generateCommonality>2.0</generateCommonality>
		<verbs>
			<li>
				<verbClass>Verb_Shoot</verbClass>
				<hasStandardCommand>true</hasStandardCommand>
				<defaultProjectile>Bullet_303_British_RWP</defaultProjectile>
				<warmupTime>1.7</warmupTime>
				<range>39</range>
				<soundCast>Shot_BoltActionRifle</soundCast>
				<soundCastTail>GunTail_Heavy</soundCastTail>
				<muzzleFlashScale>11</muzzleFlashScale>
			</li>
		</verbs>
		<tools>
			<li>
				<label>stock</label>
				<capacities>
					<li>Blunt</li>
				</capacities>
				<power>9</power>
				<cooldownTime>1.8</cooldownTime>
			</li>
			<li>
				<label>barrel</label>
				<capacities>
					<li>Blunt</li>
					<li>Poke</li>
				</capacities>
				<power>10</power>
				<cooldownTime>1.9</cooldownTime>
			</li>
		</tools>
	</ThingDef>

</Defs>