﻿<?xml version="1.0" encoding="utf-8" ?>
<Defs>
  
	<ThingDef ParentName="BaseRamboGun">
		<defName>Gun_Cx4_Storm_RWP</defName>
		<label>Cx4 Storm</label>
		<description>.</description>
		<graphicData>
			<texPath>Things/modern/rifles/cx4_storm</texPath>
			<graphicClass>Graphic_Single</graphicClass>
		</graphicData>
		<soundInteract>Interact_Rifle</soundInteract>
		<statBases>
			<WorkToMake>20000</WorkToMake>
			<MarketValue>195</MarketValue>
			<Mass>2.6</Mass>
			<AccuracyTouch>0.81</AccuracyTouch>
			<AccuracyShort>0.93</AccuracyShort>
			<AccuracyMedium>0.75</AccuracyMedium>
			<AccuracyLong>0.55</AccuracyLong>
			<RangedWeapon_Cooldown>0.60</RangedWeapon_Cooldown>
		</statBases>
		<costList>
			<Steel>55</Steel>
			<ComponentIndustrial>3</ComponentIndustrial>
		</costList>
		<recipeMaker>
			<researchPrerequisite>BlowbackOperation</researchPrerequisite>
			<skillRequirements>
				<Crafting>4</Crafting>
			</skillRequirements>
		</recipeMaker>
		<verbs>
			<li>
				<verbClass>Verb_Shoot</verbClass>
				<hasStandardCommand>true</hasStandardCommand>
				<defaultProjectile>Bullet_9x19mm_Parabellum_RWP</defaultProjectile>
				<warmupTime>0.45</warmupTime>
				<range>25</range>
				<soundCast>ShotLightSemiAutoRifle</soundCast>
				<soundCastTail>GunTail_Medium</soundCastTail>
				<muzzleFlashScale>8</muzzleFlashScale>
			</li>
		</verbs>
		<tools>
			<li>
				<label>stock</label>
				<capacities>
					<li>Blunt</li>
				</capacities>
				<power>9</power>
				<cooldownTime>1.8</cooldownTime>
			</li>
			<li>
				<label>barrel</label>
				<capacities>
					<li>Blunt</li>
					<li>Poke</li>
				</capacities>
				<power>10</power>
				<cooldownTime>1.9</cooldownTime>
			</li>
		</tools>
	</ThingDef>	

</Defs>