﻿<?xml version="1.0" encoding="utf-8" ?>
<Defs>
  
	<ThingDef ParentName="BaseRamboGun">
		<defName>Gun_De_Lisle_Commando_Carbine_RWP</defName>
		<label>De Lisle Commando Carbine</label>
		<description>.</description>
		<graphicData>
			<texPath>Things/modern/rifles/de_lisle_commando_carbine</texPath>
			<graphicClass>Graphic_Single</graphicClass>
		</graphicData>
		<soundInteract>Interact_Rifle</soundInteract>
		<statBases>
			<WorkToMake>17500</WorkToMake>
			<MarketValue>180</MarketValue>
			<Mass>3.7</Mass>
			<AccuracyTouch>0.79</AccuracyTouch>
			<AccuracyShort>0.92</AccuracyShort>
			<AccuracyMedium>0.70</AccuracyMedium>
			<AccuracyLong>0.40</AccuracyLong>
			<RangedWeapon_Cooldown>1.12</RangedWeapon_Cooldown>
		</statBases>
		<costList>
			<Steel>50</Steel>
			<ComponentIndustrial>3</ComponentIndustrial>
		</costList>
		<recipeMaker>
			<skillRequirements>
				<Crafting>3</Crafting>
			</skillRequirements>
		</recipeMaker>
		<generateCommonality>0.10</generateCommonality>
		<verbs>
			<li>
				<verbClass>Verb_Shoot</verbClass>
				<hasStandardCommand>true</hasStandardCommand>
				<defaultProjectile>Bullet_45_ACP_RWP</defaultProjectile>
				<warmupTime>1.01</warmupTime>
				<range>26</range>
				<soundCast>ShotSuppressedPistol</soundCast>
			</li>
		</verbs>
		<tools>
			<li>
				<label>stock</label>
				<capacities>
					<li>Blunt</li>
				</capacities>
				<power>9</power>
				<cooldownTime>1.8</cooldownTime>
			</li>
			<li>
				<label>barrel</label>
				<capacities>
					<li>Blunt</li>
					<li>Poke</li>
				</capacities>
				<power>10</power>
				<cooldownTime>1.9</cooldownTime>
			</li>
		</tools>
	</ThingDef>

</Defs>