﻿<?xml version="1.0" encoding="utf-8" ?>
<Defs>
  
	<ThingDef ParentName="BaseRamboGun">
		<defName>Gun_M1A1_Carbine_RWP</defName>
		<label>M1A1 Carbine</label>
		<description>.</description>
		<graphicData>
			<texPath>Things/modern/rifles/m1a1_carbine</texPath>
			<graphicClass>Graphic_Single</graphicClass>
		</graphicData>
		<soundInteract>Interact_Rifle</soundInteract>
		<statBases>
			<WorkToMake>22500</WorkToMake>
			<MarketValue>225</MarketValue>
			<Mass>2.4</Mass>
			<AccuracyTouch>0.78</AccuracyTouch>
			<AccuracyShort>0.92</AccuracyShort>
			<AccuracyMedium>0.78</AccuracyMedium>
			<AccuracyLong>0.58</AccuracyLong>
			<RangedWeapon_Cooldown>0.70</RangedWeapon_Cooldown>
		</statBases>
		<costList>
			<Steel>55</Steel>
			<ComponentIndustrial>3</ComponentIndustrial>
		</costList>
		<recipeMaker>
			<researchPrerequisite>GasOperation</researchPrerequisite>
			<skillRequirements>
				<Crafting>4</Crafting>
			</skillRequirements>
		</recipeMaker>
		<verbs>
			<li>
				<verbClass>Verb_Shoot</verbClass>
				<hasStandardCommand>true</hasStandardCommand>
				<defaultProjectile>Bullet_30_Carbine_RWP</defaultProjectile>
				<warmupTime>0.39</warmupTime>
				<range>28</range>
				<soundCast>ShotLightSemiAutoRifle</soundCast>
				<soundCastTail>GunTail_Medium</soundCastTail>
				<muzzleFlashScale>8</muzzleFlashScale>
			</li>
		</verbs>
		<tools>
			<li>
				<label>grip</label>
				<capacities>
					<li>Blunt</li>
				</capacities>
				<power>9</power>
				<cooldownTime>1.8</cooldownTime>
			</li>
			<li>
				<label>barrel</label>
				<capacities>
					<li>Blunt</li>
					<li>Poke</li>
				</capacities>
				<power>10</power>
				<cooldownTime>1.9</cooldownTime>
			</li>
		</tools>
	</ThingDef>	

</Defs>