﻿<?xml version="1.0" encoding="utf-8" ?>
<Defs>
  
	<ThingDef ParentName="BaseRamboGun">
		<defName>Gun_MN91-30_RWP</defName>
		<label>Mle 1886 M93</label>
		<description>.</description>
		<graphicData>
			<texPath>Things/modern/rifles/mle_1886_m93</texPath>
			<graphicClass>Graphic_Single</graphicClass>
		</graphicData>
		<soundInteract>Interact_Rifle</soundInteract>
		<statBases>
			<MaxHitPoints>65</MaxHitPoints>
			<WorkToMake>22700</WorkToMake>
			<MarketValue>210</MarketValue>
			<Mass>4.2</Mass>
			<AccuracyTouch>0.74</AccuracyTouch>
			<AccuracyShort>0.94</AccuracyShort>
			<AccuracyMedium>0.88</AccuracyMedium>
			<AccuracyLong>0.75</AccuracyLong>
			<RangedWeapon_Cooldown>1.50</RangedWeapon_Cooldown>
		</statBases>
		<costList>
			<Steel>55</Steel>
			<ComponentIndustrial>3</ComponentIndustrial>
		</costList>
		<recipeMaker>
			<skillRequirements>
				<Crafting>5</Crafting>
			</skillRequirements>
		</recipeMaker>
		<generateCommonality>2</generateCommonality>
		<verbs>
			<li>
				<verbClass>Verb_Shoot</verbClass>
				<hasStandardCommand>true</hasStandardCommand>
				<defaultProjectile>Bullet_8x50mm_Lebel_RWP</defaultProjectile>
				<warmupTime>1.83</warmupTime>
				<range>34</range>
				<soundCast>Shot_BoltActionRifle</soundCast>
				<soundCastTail>GunTail_Heavy</soundCastTail>
				<muzzleFlashScale>11</muzzleFlashScale>
			</li>
		</verbs>
		<tools>
			<li>
				<label>stock</label>
				<capacities>
					<li>Blunt</li>
				</capacities>
				<power>9</power>
				<cooldownTime>1.8</cooldownTime>
			</li>
			<li>
				<label>barrel</label>
				<capacities>
					<li>Blunt</li>
					<li>Poke</li>
				</capacities>
				<power>10</power>
				<cooldownTime>1.9</cooldownTime>
			</li>
		</tools>
	</ThingDef>

</Defs>