﻿<?xml version="1.0" encoding="utf-8" ?>
<Defs>
  
	<ThingDef ParentName="BaseRamboGun">
		<defName>Gun_MAC-11_RWP</defName>
		<label>MAC-11</label>
		<description>.</description>
		<graphicData>
			<texPath>Things/modern/submachineguns/mac-11</texPath>
			<graphicClass>Graphic_Single</graphicClass>
		</graphicData>
		<soundInteract>Interact_SMG</soundInteract>
		<statBases>
			<WorkToMake>24500</WorkToMake>
			<MarketValue>210</MarketValue>
			<Mass>1.6</Mass>
			<AccuracyTouch>0.60</AccuracyTouch>
			<AccuracyShort>0.44</AccuracyShort>
			<AccuracyMedium>0.20</AccuracyMedium>
			<AccuracyLong>0.07</AccuracyLong>
			<RangedWeapon_Cooldown>0.74</RangedWeapon_Cooldown>
		</statBases>
		<costList>
			<Steel>44</Steel>
			<ComponentIndustrial>3</ComponentIndustrial>
		</costList>
		<recipeMaker>
			<researchPrerequisite>BlowbackOperation</researchPrerequisite>
			<skillRequirements>
				<Crafting>4</Crafting>
			</skillRequirements>
		</recipeMaker>
		<verbs>
			<li>
				<verbClass>Verb_Shoot</verbClass>
				<hasStandardCommand>true</hasStandardCommand>
				<defaultProjectile>Bullet_32_ACP_RWP</defaultProjectile>
				<warmupTime>0.31</warmupTime>
				<range>18</range>
				<burstShotCount>4</burstShotCount>
				<ticksBetweenBurstShots>3</ticksBetweenBurstShots>
				<soundCast>Shot_MachinePistol</soundCast>
				<soundCastTail>GunTail_Light</soundCastTail>
				<muzzleFlashScale>6</muzzleFlashScale>
			</li>
		</verbs>
		<tools>
			<li>
				<label>grip</label>
				<capacities>
					<li>Blunt</li>
				</capacities>
				<power>8</power>
				<cooldownTime>1.6</cooldownTime>
			</li>
			<li>
				<label>barrel</label>
				<capacities>
					<li>Blunt</li>
					<li>Poke</li>
				</capacities>
				<power>8</power>
				<cooldownTime>1.6</cooldownTime>
			</li>
		</tools>
	</ThingDef>

</Defs>