﻿<?xml version="1.0" encoding="utf-8" ?>
<Defs>
  
	<ThingDef ParentName="BaseRamboGun">
		<defName>Gun_MAT-49_762x25mm_RWP</defName>
		<label>MAT-49 7.62x25mm</label>
		<description>.</description>
		<graphicData>
			<texPath>Things/modern/submachineguns/mat-49_762x25mm</texPath>
			<graphicClass>Graphic_Single</graphicClass>
		</graphicData>
		<soundInteract>Interact_SMG</soundInteract>
		<statBases>
			<WorkToMake>23500</WorkToMake>
			<MarketValue>206</MarketValue>
			<Mass>3.7</Mass>
			<AccuracyTouch>0.69</AccuracyTouch>
			<AccuracyShort>0.55</AccuracyShort>
			<AccuracyMedium>0.34</AccuracyMedium>
			<AccuracyLong>0.09</AccuracyLong>
			<RangedWeapon_Cooldown>1.05</RangedWeapon_Cooldown>
		</statBases>
		<costList>
			<Steel>40</Steel>
			<ComponentIndustrial>3</ComponentIndustrial>
		</costList>
		<recipeMaker>
			<researchPrerequisite>BlowbackOperation</researchPrerequisite>
			<skillRequirements>
				<Crafting>4</Crafting>
			</skillRequirements>
		</recipeMaker>
		<verbs>
			<li>
				<verbClass>Verb_Shoot</verbClass>
				<hasStandardCommand>true</hasStandardCommand>
				<defaultProjectile>Bullet_762x25mm_Tokarev_RWP</defaultProjectile>
				<warmupTime>0.55</warmupTime>
				<range>22</range>
				<burstShotCount>3</burstShotCount>
				<ticksBetweenBurstShots>4</ticksBetweenBurstShots>
				<soundCast>Shot_MachinePistol</soundCast>
				<soundCastTail>GunTail_Light</soundCastTail>
				<muzzleFlashScale>7</muzzleFlashScale>
			</li>
		</verbs>
		<tools>
			<li>
				<label>grip</label>
				<capacities>
					<li>Blunt</li>
				</capacities>
				<power>8</power>
				<cooldownTime>1.6</cooldownTime>
			</li>
			<li>
				<label>barrel</label>
				<capacities>
					<li>Blunt</li>
					<li>Poke</li>
				</capacities>
				<power>8</power>
				<cooldownTime>1.6</cooldownTime>
			</li>
		</tools>
	</ThingDef>

</Defs>