﻿<?xml version="1.0" encoding="utf-8" ?>
<Defs>
  
	<ThingDef ParentName="BaseRamboGun">
		<defName>Gun_MP-3008_RWP</defName>
		<label>MP-3008</label>
		<description>.</description>
		<graphicData>
			<texPath>Things/modern/submachineguns/mp3008</texPath>
			<graphicClass>Graphic_Single</graphicClass>
		</graphicData>
		<soundInteract>Interact_SMG</soundInteract>
		<statBases>
			<MaxHitPoints>55</MaxHitPoints>
			<WorkToMake>18000</WorkToMake>
			<MarketValue>154</MarketValue>
			<Mass>3.0</Mass>
			<AccuracyTouch>0.71</AccuracyTouch>
			<AccuracyShort>0.56</AccuracyShort>
			<AccuracyMedium>0.33</AccuracyMedium>
			<AccuracyLong>0.07</AccuracyLong>
			<RangedWeapon_Cooldown>1.00</RangedWeapon_Cooldown>
		</statBases>
		<costList>
			<Steel>37</Steel>
			<ComponentIndustrial>3</ComponentIndustrial>
		</costList>
		<recipeMaker>
			<researchPrerequisite>BlowbackOperation</researchPrerequisite>
			<skillRequirements>
				<Crafting>4</Crafting>
			</skillRequirements>
		</recipeMaker>
		<generateCommonality>0.5</generateCommonality>
		<verbs>
			<li>
				<verbClass>Verb_Shoot</verbClass>
				<hasStandardCommand>true</hasStandardCommand>
				<defaultProjectile>Bullet_9x19mm_Parabellum_RWP</defaultProjectile>
				<warmupTime>0.59</warmupTime>
				<range>22</range>
				<burstShotCount>3</burstShotCount>
				<ticksBetweenBurstShots>7</ticksBetweenBurstShots>
				<soundCast>Shot_MachinePistol</soundCast>
				<soundCastTail>GunTail_Light</soundCastTail>
				<muzzleFlashScale>7</muzzleFlashScale>
			</li>
		</verbs>
		<tools>
			<li>
				<label>barrel</label>
				<capacities>
					<li>Blunt</li>
					<li>Poke</li>
				</capacities>
				<power>8</power>
				<cooldownTime>1.6</cooldownTime>
			</li>
		</tools>
	</ThingDef>

</Defs>