﻿<?xml version="1.0" encoding="utf-8" ?>
<Defs>
  
	<ThingDef ParentName="BaseRamboGun">
		<defName>Gun_MP-41_RWP</defName>
		<label>MP-41</label>
		<description>.</description>
		<graphicData>
			<texPath>Things/modern/submachineguns/mp41</texPath>
			<graphicClass>Graphic_Single</graphicClass>
		</graphicData>
		<soundInteract>Interact_SMG</soundInteract>
		<statBases>
			<WorkToMake>23600</WorkToMake>
			<MarketValue>185</MarketValue>
			<Mass>3.9</Mass>
			<AccuracyTouch>0.72</AccuracyTouch>
			<AccuracyShort>0.59</AccuracyShort>
			<AccuracyMedium>0.38</AccuracyMedium>
			<AccuracyLong>0.14</AccuracyLong>
			<RangedWeapon_Cooldown>0.96</RangedWeapon_Cooldown>
		</statBases>
		<costList>
			<Steel>42</Steel>
			<ComponentIndustrial>3</ComponentIndustrial>
		</costList>
		<recipeMaker>
			<researchPrerequisite>BlowbackOperation</researchPrerequisite>
			<skillRequirements>
				<Crafting>4</Crafting>
			</skillRequirements>
		</recipeMaker>
		<verbs>
			<li>
				<verbClass>Verb_Shoot</verbClass>
				<hasStandardCommand>true</hasStandardCommand>
				<defaultProjectile>Bullet_9x19mm_Parabellum_RWP</defaultProjectile>
				<warmupTime>0.61</warmupTime>
				<range>22</range>
				<burstShotCount>3</burstShotCount>
				<ticksBetweenBurstShots>7</ticksBetweenBurstShots>
				<soundCast>Shot_MachinePistol</soundCast>
				<soundCastTail>GunTail_Light</soundCastTail>
				<muzzleFlashScale>7</muzzleFlashScale>
			</li>
		</verbs>
		<tools>
			<li>
				<label>stock</label>
				<capacities>
					<li>Blunt</li>
				</capacities>
				<power>8</power>
				<cooldownTime>1.6</cooldownTime>
			</li>
			<li>
				<label>barrel</label>
				<capacities>
					<li>Blunt</li>
					<li>Poke</li>
				</capacities>
				<power>8</power>
				<cooldownTime>1.6</cooldownTime>
			</li>
		</tools>
	</ThingDef>

</Defs>