﻿<?xml version="1.0" encoding="utf-8" ?>
<Defs>
  
	<ThingDef ParentName="BaseRamboGun">
		<defName>Gun_MP5-10A2_RWP</defName>
		<label>MP5/10A2</label>
		<description>.</description>
		<graphicData>
			<texPath>Things/modern/submachineguns/mp5-40a2</texPath>
			<graphicClass>Graphic_Single</graphicClass>
		</graphicData>
		<soundInteract>Interact_SMG</soundInteract>
		<statBases>
			<WorkToMake>23500</WorkToMake>
			<MarketValue>320</MarketValue>
			<Mass>2.7</Mass>
			<AccuracyTouch>0.68</AccuracyTouch>
			<AccuracyShort>0.59</AccuracyShort>
			<AccuracyMedium>0.39</AccuracyMedium>
			<AccuracyLong>0.14</AccuracyLong>
			<RangedWeapon_Cooldown>0.92</RangedWeapon_Cooldown>
		</statBases>
		<costList>
			<Steel>58</Steel>
			<ComponentIndustrial>3</ComponentIndustrial>
		</costList>
		<recipeMaker>
			<researchPrerequisite>BlowbackOperation</researchPrerequisite>
			<skillRequirements>
				<Crafting>5</Crafting>
			</skillRequirements>
		</recipeMaker>
		<generateCommonality>0.25</generateCommonality>
		<verbs>
			<li>
				<verbClass>Verb_Shoot</verbClass>
				<hasStandardCommand>true</hasStandardCommand>
				<defaultProjectile>Bullet_10mm_Auto_RWP</defaultProjectile>
				<warmupTime>0.56</warmupTime>
				<range>25</range>
				<burstShotCount>3</burstShotCount>
				<ticksBetweenBurstShots>5</ticksBetweenBurstShots>
				<soundCast>Shot_MachinePistol</soundCast>
				<soundCastTail>GunTail_Light</soundCastTail>
				<muzzleFlashScale>10</muzzleFlashScale>
			</li>
		</verbs>
		<tools>
			<li>
				<label>stock</label>
				<capacities>
					<li>Blunt</li>
				</capacities>
				<power>8</power>
				<cooldownTime>1.6</cooldownTime>
			</li>
			<li>
				<label>barrel</label>
				<capacities>
					<li>Blunt</li>
					<li>Poke</li>
				</capacities>
				<power>8</power>
				<cooldownTime>1.6</cooldownTime>
			</li>
		</tools>
	</ThingDef>

</Defs>