﻿<?xml version="1.0" encoding="utf-8" ?>
<Defs>
  
	<ThingDef ParentName="BaseRamboGun">
		<defName>Gun_MP5SD3_RWP</defName>
		<label>MP5SD3</label>
		<description>.</description>
		<graphicData>
			<texPath>Things/modern/submachineguns/mp5sd3</texPath>
			<graphicClass>Graphic_Single</graphicClass>
		</graphicData>
		<soundInteract>Interact_SMG</soundInteract>
		<statBases>
			<WorkToMake>33500</WorkToMake>
			<MarketValue>255</MarketValue>
			<Mass>3.1</Mass>
			<AccuracyTouch>0.73</AccuracyTouch>
			<AccuracyShort>0.64</AccuracyShort>
			<AccuracyMedium>0.34</AccuracyMedium>
			<AccuracyLong>0.10</AccuracyLong>
			<RangedWeapon_Cooldown>0.88</RangedWeapon_Cooldown>
		</statBases>
		<costList>
			<Steel>56</Steel>
			<ComponentIndustrial>3</ComponentIndustrial>
		</costList>
		<recipeMaker>
			<researchPrerequisite>BlowbackOperation</researchPrerequisite>
			<skillRequirements>
				<Crafting>4</Crafting>
			</skillRequirements>
		</recipeMaker>
		<generateCommonality>0.2</generateCommonality>
		<verbs>
			<li>
				<verbClass>Verb_Shoot</verbClass>
				<hasStandardCommand>true</hasStandardCommand>
				<defaultProjectile>Bullet_9x19mm_Parabellum_RWP</defaultProjectile>
				<warmupTime>0.56</warmupTime>
				<range>23</range>
				<burstShotCount>3</burstShotCount>
				<ticksBetweenBurstShots>5</ticksBetweenBurstShots>
				<soundCast>ShotSuppressedPistol</soundCast>
				<muzzleFlashScale>7</muzzleFlashScale>
			</li>
		</verbs>
		<tools>
			<li>
				<label>grip</label>
				<capacities>
					<li>Blunt</li>
				</capacities>
				<power>8</power>
				<cooldownTime>1.6</cooldownTime>
			</li>
			<li>
				<label>barrel</label>
				<capacities>
					<li>Blunt</li>
					<li>Poke</li>
				</capacities>
				<power>8</power>
				<cooldownTime>1.6</cooldownTime>
			</li>
		</tools>
	</ThingDef>

</Defs>