﻿<?xml version="1.0" encoding="utf-8" ?>
<Defs>
  
	<ThingDef ParentName="BaseRamboGun">
		<defName>Gun_PP-91-01_Kedr-B_RWP</defName>
		<label>PP-91-01 Kedr-B</label>
		<description>.</description>
		<graphicData>
			<texPath>Things/modern/submachineguns/pp-91-01_kedr-b</texPath>
			<graphicClass>Graphic_Single</graphicClass>
		</graphicData>
		<soundInteract>Interact_SMG</soundInteract>
		<statBases>
			<WorkToMake>28000</WorkToMake>
			<MarketValue>240</MarketValue>
			<Mass>1.6</Mass>
			<AccuracyTouch>0.73</AccuracyTouch>
			<AccuracyShort>0.54</AccuracyShort>
			<AccuracyMedium>0.25</AccuracyMedium>
			<AccuracyLong>0.06</AccuracyLong>
			<RangedWeapon_Cooldown>0.93</RangedWeapon_Cooldown>
		</statBases>
		<costList>
			<Steel>46</Steel>
			<ComponentIndustrial>3</ComponentIndustrial>
		</costList>
		<recipeMaker>
			<researchPrerequisite>BlowbackOperation</researchPrerequisite>
			<skillRequirements>
				<Crafting>5</Crafting>
			</skillRequirements>
		</recipeMaker>
		<verbs>
			<li>
				<verbClass>Verb_Shoot</verbClass>
				<hasStandardCommand>true</hasStandardCommand>
				<defaultProjectile>Bullet_9x18mm_Makarov_RWP</defaultProjectile>
				<warmupTime>0.36</warmupTime>
				<range>21</range>
				<burstShotCount>3</burstShotCount>
				<ticksBetweenBurstShots>4</ticksBetweenBurstShots>
				<soundCast>ShotSuppressedPistol</soundCast>
				<muzzleFlashScale>7</muzzleFlashScale>
			</li>
		</verbs>
		<tools>
			<li>
				<label>grip</label>
				<capacities>
					<li>Blunt</li>
				</capacities>
				<power>8</power>
				<cooldownTime>1.6</cooldownTime>
			</li>
			<li>
				<label>barrel</label>
				<capacities>
					<li>Blunt</li>
					<li>Poke</li>
				</capacities>
				<power>8</power>
				<cooldownTime>1.6</cooldownTime>
			</li>
		</tools>
	</ThingDef>

</Defs>