﻿<?xml version="1.0" encoding="utf-8" ?>
<Defs>
  
	<ThingDef ParentName="BaseRamboGun">
		<defName>Gun_PPD-40_RWP</defName>
		<label>PPD-40</label>
		<description>.</description>
		<graphicData>
			<texPath>Things/modern/submachineguns/ppd-40</texPath>
			<graphicClass>Graphic_Single</graphicClass>
		</graphicData>
		<soundInteract>Interact_SMG</soundInteract>
		<statBases>
			<WorkToMake>22300</WorkToMake>
			<MarketValue>162</MarketValue>
			<Mass>5.4</Mass>
			<AccuracyTouch>0.55</AccuracyTouch>
			<AccuracyShort>0.27</AccuracyShort>
			<AccuracyMedium>0.12</AccuracyMedium>
			<AccuracyLong>0.04</AccuracyLong>
			<RangedWeapon_Cooldown>1.11</RangedWeapon_Cooldown>
		</statBases>
		<costList>
			<Steel>43</Steel>
			<ComponentIndustrial>4</ComponentIndustrial>
		</costList>
		<recipeMaker>
			<researchPrerequisite>BlowbackOperation</researchPrerequisite>
			<skillRequirements>
				<Crafting>5</Crafting>
			</skillRequirements>
		</recipeMaker>
		<verbs>
			<li>
				<verbClass>Verb_Shoot</verbClass>
				<hasStandardCommand>true</hasStandardCommand>
				<defaultProjectile>Bullet_762x25mm_Tokarev_RWP</defaultProjectile>
				<warmupTime>0.53</warmupTime>
				<range>20</range>
				<burstShotCount>7</burstShotCount>
				<ticksBetweenBurstShots>4</ticksBetweenBurstShots>
				<soundCast>Shot_MachinePistol</soundCast>
				<soundCastTail>GunTail_Light</soundCastTail>
				<muzzleFlashScale>6</muzzleFlashScale>
			</li>
		</verbs>
		<tools>
			<li>
				<label>stock</label>
				<capacities>
					<li>Blunt</li>
				</capacities>
				<power>8</power>
				<cooldownTime>1.6</cooldownTime>
			</li>
			<li>
				<label>barrel</label>
				<capacities>
					<li>Blunt</li>
					<li>Poke</li>
				</capacities>
				<power>8</power>
				<cooldownTime>1.6</cooldownTime>
			</li>
		</tools>
	</ThingDef>

</Defs>