﻿<?xml version="1.0" encoding="utf-8" ?>
<Defs>
  
	<ThingDef ParentName="BaseRamboGun">
		<defName>Gun_PPS-43_RWP</defName>
		<label>PPS-43</label>
		<description>.</description>
		<graphicData>
			<texPath>Things/modern/submachineguns/pps-43</texPath>
			<graphicClass>Graphic_Single</graphicClass>
		</graphicData>
		<soundInteract>Interact_SMG</soundInteract>
		<statBases>
			<WorkToMake>22400</WorkToMake>
			<MarketValue>161</MarketValue>
			<Mass>3.0</Mass>
			<AccuracyTouch>0.70</AccuracyTouch>
			<AccuracyShort>0.56</AccuracyShort>
			<AccuracyMedium>0.37</AccuracyMedium>
			<AccuracyLong>0.10</AccuracyLong>
			<RangedWeapon_Cooldown>0.79</RangedWeapon_Cooldown>
		</statBases>
		<costList>
			<Steel>41</Steel>
			<ComponentIndustrial>3</ComponentIndustrial>
		</costList>
		<recipeMaker>
			<researchPrerequisite>BlowbackOperation</researchPrerequisite>
			<skillRequirements>
				<Crafting>4</Crafting>
			</skillRequirements>
		</recipeMaker>
		<verbs>
			<li>
				<verbClass>Verb_Shoot</verbClass>
				<hasStandardCommand>true</hasStandardCommand>
				<defaultProjectile>Bullet_762x25mm_Tokarev_RWP</defaultProjectile>
				<warmupTime>0.50</warmupTime>
				<range>20</range>
				<burstShotCount>3</burstShotCount>
				<ticksBetweenBurstShots>7</ticksBetweenBurstShots>
				<soundCast>Shot_MachinePistol</soundCast>
				<soundCastTail>GunTail_Light</soundCastTail>
				<muzzleFlashScale>6</muzzleFlashScale>
			</li>
		</verbs>
		<tools>
			<li>
				<label>grip</label>
				<capacities>
					<li>Blunt</li>
				</capacities>
				<power>8</power>
				<cooldownTime>1.6</cooldownTime>
			</li>
			<li>
				<label>barrel</label>
				<capacities>
					<li>Blunt</li>
					<li>Poke</li>
				</capacities>
				<power>8</power>
				<cooldownTime>1.6</cooldownTime>
			</li>
		</tools>
	</ThingDef>

</Defs>