﻿<?xml version="1.0" encoding="utf-8" ?>
<Defs>
  
	<ThingDef ParentName="BaseRamboGun">
		<defName>Gun_PPSh-41d_RWP</defName>
		<label>PPSh-41 (Drum)</label>
		<description>.</description>
		<graphicData>
			<texPath>Things/modern/submachineguns/ppsh-41_drum</texPath>
			<graphicClass>Graphic_Single</graphicClass>
		</graphicData>
		<soundInteract>Interact_SMG</soundInteract>
		<statBases>
			<WorkToMake>23500</WorkToMake>
			<MarketValue>175</MarketValue>
			<Mass>5.5</Mass>
			<AccuracyTouch>0.61</AccuracyTouch>
			<AccuracyShort>0.31</AccuracyShort>
			<AccuracyMedium>0.15</AccuracyMedium>
			<AccuracyLong>0.06</AccuracyLong>
			<RangedWeapon_Cooldown>1.02</RangedWeapon_Cooldown>
		</statBases>
		<costList>
			<Steel>47</Steel>
			<ComponentIndustrial>4</ComponentIndustrial>
		</costList>
		<recipeMaker>
			<researchPrerequisite>BlowbackOperation</researchPrerequisite>
			<skillRequirements>
				<Crafting>5</Crafting>
			</skillRequirements>
		</recipeMaker>
		<verbs>
			<li>
				<verbClass>Verb_Shoot</verbClass>
				<hasStandardCommand>true</hasStandardCommand>
				<defaultProjectile>Bullet_762x25mm_Tokarev_RWP</defaultProjectile>
				<warmupTime>0.57</warmupTime>
				<range>21</range>
				<burstShotCount>7</burstShotCount>
				<ticksBetweenBurstShots>4</ticksBetweenBurstShots>
				<soundCast>Shot_MachinePistol</soundCast>
				<soundCastTail>GunTail_Light</soundCastTail>
				<muzzleFlashScale>6</muzzleFlashScale>
			</li>
		</verbs>
		<tools>
			<li>
				<label>stock</label>
				<capacities>
					<li>Blunt</li>
				</capacities>
				<power>8</power>
				<cooldownTime>1.6</cooldownTime>
			</li>
			<li>
				<label>barrel</label>
				<capacities>
					<li>Blunt</li>
					<li>Poke</li>
				</capacities>
				<power>8</power>
				<cooldownTime>1.6</cooldownTime>
			</li>
		</tools>
	</ThingDef>

</Defs>