﻿<?xml version="1.0" encoding="utf-8" ?>
<Defs>
  
	<ThingDef ParentName="BaseRamboGun">
		<defName>Gun_Skorpion_SA_Vz82_RWP</defName>
		<label>Skorpion vz.82</label>
		<description>.</description>
		<graphicData>
			<texPath>Things/modern/submachineguns/skorpion_vz82</texPath>
			<graphicClass>Graphic_Single</graphicClass>
		</graphicData>
		<soundInteract>Interact_SMG</soundInteract>
		<statBases>
			<WorkToMake>21400</WorkToMake>
			<MarketValue>183</MarketValue>
			<Mass>1.4</Mass>
			<AccuracyTouch>0.65</AccuracyTouch>
			<AccuracyShort>0.34</AccuracyShort>
			<AccuracyMedium>0.17</AccuracyMedium>
			<AccuracyLong>0.06</AccuracyLong>
			<RangedWeapon_Cooldown>0.91</RangedWeapon_Cooldown>
		</statBases>
		<costList>
			<Steel>32</Steel>
			<ComponentIndustrial>3</ComponentIndustrial>
		</costList>
		<recipeMaker>
			<researchPrerequisite>BlowbackOperation</researchPrerequisite>
			<skillRequirements>
				<Crafting>4</Crafting>
			</skillRequirements>
		</recipeMaker>
		<verbs>
			<li>
				<verbClass>Verb_Shoot</verbClass>
				<hasStandardCommand>true</hasStandardCommand>
				<defaultProjectile>Bullet_9x18mm_Makarov_RWP</defaultProjectile>
				<warmupTime>0.33</warmupTime>
				<range>19</range>
				<burstShotCount>3</burstShotCount>
				<ticksBetweenBurstShots>4</ticksBetweenBurstShots>
				<soundCast>Shot_MachinePistol</soundCast>
				<soundCastTail>GunTail_Light</soundCastTail>
				<muzzleFlashScale>6</muzzleFlashScale>
			</li>
		</verbs>
		<tools>
			<li>
				<label>grip</label>
				<capacities>
					<li>Blunt</li>
				</capacities>
				<power>8</power>
				<cooldownTime>1.6</cooldownTime>
			</li>
			<li>
				<label>barrel</label>
				<capacities>
					<li>Blunt</li>
					<li>Poke</li>
				</capacities>
				<power>8</power>
				<cooldownTime>1.6</cooldownTime>
			</li>
		</tools>
	</ThingDef>

</Defs>