﻿<?xml version="1.0" encoding="utf-8" ?>
<Defs>
  
	<ThingDef ParentName="BaseRamboGun">
		<defName>Gun_Thompson_M1A1_RWP</defName>
		<label>Thompson M1A1</label>
		<description>.</description>
		<graphicData>
			<texPath>Things/modern/submachineguns/thompson_m1a1</texPath>
			<graphicClass>Graphic_Single</graphicClass>
		</graphicData>
		<soundInteract>Interact_SMG</soundInteract>
		<statBases>
			<WorkToMake>24500</WorkToMake>
			<MarketValue>185</MarketValue>
			<Mass>4.8</Mass>
			<AccuracyTouch>0.64</AccuracyTouch>
			<AccuracyShort>0.43</AccuracyShort>
			<AccuracyMedium>0.19</AccuracyMedium>
			<AccuracyLong>0.04</AccuracyLong>
			<RangedWeapon_Cooldown>1.05</RangedWeapon_Cooldown>
		</statBases>
		<costList>
			<Steel>55</Steel>
			<ComponentIndustrial>3</ComponentIndustrial>
		</costList>
		<recipeMaker>
			<researchPrerequisite>BlowbackOperation</researchPrerequisite>
			<skillRequirements>
				<Crafting>4</Crafting>
			</skillRequirements>
		</recipeMaker>
		<verbs>
			<li>
				<verbClass>Verb_Shoot</verbClass>
				<hasStandardCommand>true</hasStandardCommand>
				<defaultProjectile>Bullet_45_ACP_RWP</defaultProjectile>
				<warmupTime>0.66</warmupTime>
				<range>22</range>
				<burstShotCount>4</burstShotCount>
				<ticksBetweenBurstShots>5</ticksBetweenBurstShots>
				<soundCast>Shot_MachinePistol</soundCast>
				<soundCastTail>GunTail_Light</soundCastTail>
				<muzzleFlashScale>9</muzzleFlashScale>
			</li>
		</verbs>
		<tools>
			<li>
				<label>stock</label>
				<capacities>
					<li>Blunt</li>
				</capacities>
				<power>8</power>
				<cooldownTime>1.6</cooldownTime>
			</li>
			<li>
				<label>barrel</label>
				<capacities>
					<li>Blunt</li>
					<li>Poke</li>
				</capacities>
				<power>8</power>
				<cooldownTime>1.6</cooldownTime>
			</li>
		</tools>
	</ThingDef>

</Defs>