﻿<?xml version="1.0" encoding="utf-8" ?>
<Defs>
  
	<ThingDef ParentName="BaseRamboGun">
		<defName>Gun_PumpShotgun</defName>
		<label>Remington M870 Police Magnum</label>
		<description>Ancient design. Deadly, but short range.</description>
		<graphicData>
			<texPath>Things/modern/shotguns/remington_m870_police_magnum</texPath>
			<graphicClass>Graphic_Single</graphicClass>
		</graphicData>
		<soundInteract>Interact_Shotgun</soundInteract>
		<statBases>
			<WorkToMake>30000</WorkToMake>
			<MarketValue>265</MarketValue>
			<Mass>3.6</Mass>
			<AccuracyTouch>0.80</AccuracyTouch>
			<AccuracyShort>0.87</AccuracyShort>
			<AccuracyMedium>0.77</AccuracyMedium>
			<AccuracyLong>0.64</AccuracyLong>
			<RangedWeapon_Cooldown>1.26</RangedWeapon_Cooldown>
		</statBases>
		<costList>
			<Steel>60</Steel>
			<ComponentIndustrial>3</ComponentIndustrial>
		</costList>
		<recipeMaker>
			<skillRequirements>
				<Crafting>5</Crafting>
			</skillRequirements>
		</recipeMaker>
		<verbs>
			<li>
				<verbClass>Verb_Shoot</verbClass>
				<hasStandardCommand>true</hasStandardCommand>
				<defaultProjectile>Bullet_12_Gauge_Buckshot_RWP</defaultProjectile>
				<warmupTime>0.9</warmupTime>
				<range>16</range>
				<soundCast>Shot_Shotgun</soundCast>
				<soundCastTail>GunTail_Heavy</soundCastTail>
				<muzzleFlashScale>10</muzzleFlashScale>
			</li>
		</verbs>
		<tools>
			<li>
				<label>stock</label>
				<capacities>
					<li>Blunt</li>
				</capacities>
				<power>9</power>
				<cooldownTime>1.8</cooldownTime>
			</li>
			<li>
				<label>barrel</label>
				<capacities>
					<li>Blunt</li>
					<li>Poke</li>
				</capacities>
				<power>10</power>
				<cooldownTime>1.9</cooldownTime>
			</li>
		</tools>
	</ThingDef>

</Defs>