﻿<?xml version="1.0" encoding="utf-8" ?>
<Defs>
  
	<ThingDef ParentName="BaseRamboGun">
		<defName>Gun_Ithaca_37_Trench_RWP</defName>
		<label>Ithaca 37 Trench</label>
		<description>.</description>
		<graphicData>
			<texPath>Things/modern/shotguns/ithaca_37_trench</texPath>
			<graphicClass>Graphic_Single</graphicClass>
		</graphicData>
		<soundInteract>Interact_Shotgun</soundInteract>
		<statBases>
			<WorkToMake>30800</WorkToMake>
			<MarketValue>270</MarketValue>
			<Mass>3.1</Mass>
			<AccuracyTouch>0.79</AccuracyTouch>
			<AccuracyShort>0.86</AccuracyShort>
			<AccuracyMedium>0.76</AccuracyMedium>
			<AccuracyLong>0.63</AccuracyLong>
			<RangedWeapon_Cooldown>1.21</RangedWeapon_Cooldown>
		</statBases>
		<costList>
			<Steel>61</Steel>
			<ComponentIndustrial>3</ComponentIndustrial>
		</costList>
		<recipeMaker>
			<skillRequirements>
				<Crafting>5</Crafting>
			</skillRequirements>
		</recipeMaker>
		<verbs>
			<li>
				<verbClass>Verb_Shoot</verbClass>
				<hasStandardCommand>true</hasStandardCommand>
				<defaultProjectile>Bullet_12_Gauge_Buckshot_RWP</defaultProjectile>
				<warmupTime>0.88</warmupTime>
				<range>16</range>
				<soundCast>Shot_Shotgun</soundCast>
				<soundCastTail>GunTail_Heavy</soundCastTail>
				<muzzleFlashScale>10</muzzleFlashScale>
			</li>
		</verbs>
		<tools>
			<li>
				<label>stock</label>
				<capacities>
					<li>Blunt</li>
				</capacities>
				<power>9</power>
				<cooldownTime>1.8</cooldownTime>
			</li>
			<li>
				<label>barrel</label>
				<capacities>
					<li>Blunt</li>
					<li>Poke</li>
				</capacities>
				<power>10</power>
				<cooldownTime>1.9</cooldownTime>
			</li>
		</tools>
	</ThingDef>

</Defs>