﻿<?xml version="1.0" encoding="utf-8" ?>
<Defs>
  
	<ThingDef ParentName="BaseRamboGun">
		<defName>Gun_Winchester_M1897_Riot_RWP</defName>
		<label>Winchester M1897 Riot</label>
		<description>.</description>
		<graphicData>
			<texPath>Things/modern/shotguns/winchester_m1897_riot</texPath>
			<graphicClass>Graphic_Single</graphicClass>
		</graphicData>
		<soundInteract>Interact_Shotgun</soundInteract>
		<statBases>
			<WorkToMake>27800</WorkToMake>
			<MarketValue>242</MarketValue>
			<Mass>3.6</Mass>
			<AccuracyTouch>0.75</AccuracyTouch>
			<AccuracyShort>0.80</AccuracyShort>
			<AccuracyMedium>0.70</AccuracyMedium>
			<AccuracyLong>0.54</AccuracyLong>
			<RangedWeapon_Cooldown>1.20</RangedWeapon_Cooldown>
		</statBases>
		<costList>
			<Steel>56</Steel>
			<ComponentIndustrial>3</ComponentIndustrial>
		</costList>
		<recipeMaker>
			<skillRequirements>
				<Crafting>5</Crafting>
			</skillRequirements>
		</recipeMaker>
		<verbs>
			<li>
				<verbClass>Verb_Shoot</verbClass>
				<hasStandardCommand>true</hasStandardCommand>
				<defaultProjectile>Bullet_12_Gauge_Buckshot_RWP</defaultProjectile>
				<warmupTime>0.89</warmupTime>
				<range>15</range>
				<soundCast>Shot_Shotgun</soundCast>
				<soundCastTail>GunTail_Heavy</soundCastTail>
				<muzzleFlashScale>10</muzzleFlashScale>
			</li>
		</verbs>
		<tools>
			<li>
				<label>stock</label>
				<capacities>
					<li>Blunt</li>
				</capacities>
				<power>9</power>
				<cooldownTime>1.8</cooldownTime>
			</li>
			<li>
				<label>barrel</label>
				<capacities>
					<li>Blunt</li>
					<li>Poke</li>
				</capacities>
				<power>10</power>
				<cooldownTime>1.9</cooldownTime>
			</li>
		</tools>
	</ThingDef>

</Defs>