﻿<?xml version="1.0" encoding="utf-8" ?>
<Defs>
  
	<ThingDef ParentName="BaseRamboGun">
		<defName>Gun_AVT-40_RWP</defName>
		<label>AVT-40</label>
		<description>.</description>
		<graphicData>
			<texPath>Things/modern/rifles/svt-40</texPath>
			<graphicClass>Graphic_Single</graphicClass>
		</graphicData>
		<soundInteract>Interact_Rifle</soundInteract>
		<statBases>
			<WorkToMake>32000</WorkToMake>
			<MarketValue>333</MarketValue>
			<Mass>3.9</Mass>
			<AccuracyTouch>0.30</AccuracyTouch>
			<AccuracyShort>0.22</AccuracyShort>
			<AccuracyMedium>0.20</AccuracyMedium>
			<AccuracyLong>0.05</AccuracyLong>
			<RangedWeapon_Cooldown>1.49</RangedWeapon_Cooldown>
		</statBases>
		<costList>
			<Steel>67</Steel>
			<ComponentIndustrial>5</ComponentIndustrial>
		</costList>
		<recipeMaker>
			<researchPrerequisite>GasOperation</researchPrerequisite>
			<skillRequirements>
				<Crafting>6</Crafting>
			</skillRequirements>
		</recipeMaker>
		<generateCommonality>0.05</generateCommonality>
		<verbs>
			<li>
				<verbClass>Verb_Shoot</verbClass>
				<hasStandardCommand>true</hasStandardCommand>
				<defaultProjectile>Bullet_762x54mmR_RWP</defaultProjectile>
				<warmupTime>0.78</warmupTime>
				<range>34</range>
				<burstShotCount>3</burstShotCount>
				<ticksBetweenBurstShots>5</ticksBetweenBurstShots>
				<soundCast>ShotSemiAutoRifle</soundCast>
				<soundCastTail>GunTail_Heavy</soundCastTail>
				<muzzleFlashScale>12</muzzleFlashScale>
			</li>
		</verbs>
		<tools>
			<li>
				<label>stock</label>
				<capacities>
					<li>Blunt</li>
				</capacities>
				<power>9</power>
				<cooldownTime>1.8</cooldownTime>
			</li>
			<li>
				<label>barrel</label>
				<capacities>
					<li>Blunt</li>
					<li>Poke</li>
				</capacities>
				<power>10</power>
				<cooldownTime>1.9</cooldownTime>
			</li>
		</tools>
	</ThingDef>	

</Defs>