﻿<?xml version="1.0" encoding="utf-8" ?>
<Defs>
  
	<ThingDef ParentName="BaseRamboGun">
		<defName>Gun_SCAR-H_CQC_RWP</defName>
		<label>SCAR-H CQC</label>
		<description>.</description>
		<graphicData>
			<texPath>Things/modern/battlerifles/scar-h_cqc</texPath>
			<graphicClass>Graphic_Single</graphicClass>
		</graphicData>
		<soundInteract>InteractMediumRifle</soundInteract>
		<statBases>
			<WorkToMake>69000</WorkToMake>
			<MarketValue>607</MarketValue>
			<Mass>3.5</Mass>
			<AccuracyTouch>0.47</AccuracyTouch>
			<AccuracyShort>0.61</AccuracyShort>
			<AccuracyMedium>0.51</AccuracyMedium>
			<AccuracyLong>0.37</AccuracyLong>
			<RangedWeapon_Cooldown>1.68</RangedWeapon_Cooldown>
		</statBases>
		<costList>
			<Steel>122</Steel>
			<ComponentIndustrial>8</ComponentIndustrial>
		</costList>
		<recipeMaker>
			<researchPrerequisite>PrecisionRifling</researchPrerequisite>
			<skillRequirements>
				<Crafting>7</Crafting>
			</skillRequirements>
		</recipeMaker>
		<verbs>
			<li>
				<verbClass>Verb_Shoot</verbClass>
				<hasStandardCommand>true</hasStandardCommand>
				<defaultProjectile>Bullet_762x51mm_NATO_RWP</defaultProjectile>
				<warmupTime>1.11</warmupTime>
				<range>35</range>
				<burstShotCount>3</burstShotCount>
				<ticksBetweenBurstShots>6</ticksBetweenBurstShots>
				<soundCast>ShotBattleRifle</soundCast>
				<soundCastTail>GunTail_Heavy</soundCastTail>
				<muzzleFlashScale>12</muzzleFlashScale>
			</li>
		</verbs>
		<weaponTags>
			<li>IndustrialGunAdvanced</li>
		</weaponTags>
		<tools>
			<li>
				<label>stock</label>
				<capacities>
					<li>Blunt</li>
				</capacities>
				<power>9</power>
				<cooldownTime>1.8</cooldownTime>
			</li>
			<li>
				<label>barrel</label>
				<capacities>
					<li>Blunt</li>
					<li>Poke</li>
				</capacities>
				<power>10</power>
				<cooldownTime>1.9</cooldownTime>
			</li>
		</tools>
	</ThingDef>

</Defs>