﻿<?xml version="1.0" encoding="utf-8"?>
<ModMetaData>
  <name>Rambo Weapons Pack</name>
  <author>Masterjamie9 (AAAAA)</author>
  <targetVersion>1.0.2059</targetVersion>
  <description>Version 1.2.4
A mod that adds a fuck off huge amount of weapons.

Updated for 1.0
There's a custom workbench ("Rambo Weapons Table") for weapons now. If you're wondering where all the weapons went, that's where they are. It unlocks together with the machining table.
  
Any feedback regarding bugs, imbalance and suggestions is appreciated. Send them in the RWP discord channel or on the Ludeon Forums thread.
RWP Discord Channel: https://discord.gg/CKK9uHT
Ludeon Forums Thread: https://ludeon.com/forums/index.php?topic=34636.0
Weapons Spreadsheet: https://docs.google.com/spreadsheets/d/14Z028qPCNGVSagf1gpX6KMaJnilg5JvXG1A3hDXmdPs/edit?usp=sharing
  </description>
</ModMetaData>
